"","intlower","int","inthigher","intwidth","intcoverage","intbias","intsd","x1lower","X1","x1higher","x1width","x1coverage","x1bias","x1sd","x2lower","X2","x2higher","x2width","x2coverage","x2bias","x2sd","Vx2lower","Vx2","Vx2higher","Vx2width","Vx2coverage","Vx2bias","Vx2sd","sig2bias","philower","phi","phihigher","phiwidth","phicoverage","phibias","phisd","sig0lower","sig0","sig0higher","sig0width","sig0coverage","sig0bias","sig0sd","RMSE"
"1",-1.86777156404579,-1.79487398499915,-1.72203488195964,0.145736682086148,1,0.00512601500085164,0.0442422334314511,0.0935173145961865,0.138427060341532,0.183343878549757,0.0898265639535708,1,-0.0115729396584678,0.0272686809498226,0.743625142464157,0.793947962146531,0.844154846261909,0.100529703797751,0,0.0939479621465308,0.0305192158110601,0.464239894156233,0.534289573088977,0.614123140606573,0.14988324645034,0,-2.09728937427944,0.0454934008715743,-0.270396087494493,-0.755157705728827,-0.702768603356382,-0.643635290942146,0.111522414786681,0,0.197231396643618,0.033865954044227,1.14406950231975,1.25039650530191,1.36866010686019,0.224590604540436,0,1.00039650530191,0.0681198036430253,0.844462567023859
"2",-1.81348967192774,-1.73697316228231,-1.66044818845268,0.153041483475056,1,0.0630268377176928,0.0464589287179799,0.0715903807078654,0.118566793051057,0.16553913455372,0.0939487538458551,1,-0.0314332069489428,0.0285200841290879,0.53363151770436,0.583314079588089,0.633057730152125,0.0994262124477651,0,-0.116685920411911,0.0301824925827579,0.413302198132604,0.485658873059648,0.569963413905823,0.156661215773218,0,-2.14592007430877,0.0475802422002661,-0.353681001691166,-0.835895108289383,-0.796958724665704,-0.747911106902778,0.0879840013866054,0,0.103041275334296,0.0267691462394805,1.38422781348077,1.50050423978292,1.62672042681589,0.242492613335118,0,1.25050423978292,0.0735218720312577,1.11284207843966
"3",-1.89982364915322,-1.82572221079982,-1.7517292817615,0.148094367391721,1,-0.025722210799817,0.044958400291361,0.136616213633263,0.182329778941925,0.227982023108415,0.0913658094751527,1,0.0323297789419247,0.0277365449247781,0.664746109920886,0.715428842206058,0.765990167642199,0.101244057721313,1,0.0154288422060584,0.0307361723907569,0.450787541912195,0.51848051583587,0.598401613895004,0.147614071982809,0,-2.11309843153255,0.0448394418510947,-0.282139263748448,-0.76145204215485,-0.704872413296894,-0.642566096138274,0.118885946016576,0,0.195127586703106,0.0360232964882673,1.19488958338424,1.30502312859087,1.42896114048966,0.234071557105417,0,1.05502312859087,0.071009045782103,0.895015418802522
"4",-1.84434106979363,-1.7720717567328,-1.69987328273173,0.1444677870619,1,0.0279282432671968,0.0438569702889414,0.142232266934172,0.186607512965591,0.23102691243808,0.0887946455039084,1,0.0366075129655906,0.0269549904208559,0.755216644449912,0.803476147000556,0.851634261985032,0.0964176175351195,0,0.103476147000556,0.029270725344482,0.379028308552364,0.4394326891819,0.508285099847409,0.129256791295045,0,-2.19214625818652,0.0392348928230626,-0.329963983161362,-0.782978673544277,-0.733043351531312,-0.675681309039404,0.107297364504873,0,0.166956648468688,0.0326054213405075,1.18516387733305,1.28596260030178,1.39646128192685,0.211297404593802,0,1.03596260030178,0.06407229456574,0.916587869149452
"5",-1.8958937301522,-1.83271799919989,-1.76952703168072,0.12636669847149,1,-0.0327179991998947,0.0383607399075445,0.0823322391508539,0.12086144878506,0.159398066901456,0.0770658277506019,1,-0.0291385512149401,0.0233946471576443,0.604019698440066,0.774627541494456,0.945275103957704,0.341255405517638,1,0.0746275414944562,0.103738012908954,0.381028857738607,0.515713654040989,0.721332449429916,0.340303591691309,0,-2.11586529332743,0.104755462516326,-0.499674206224451,0.999684083169997,0.999900365311337,0.999977506102024,0.00029342293202661,0,1.89990036531134,0.00010042695653307,1.28761874892267,1.34952765006693,1.4157565813064,0.128137832383725,0,1.09952765006693,0.0388401528163293,1.31822874293313
"6",-1.84272511796324,-1.76795871065548,-1.69314435824199,0.149580759721249,1,0.0320412893445166,0.0454081243430211,0.117438458406282,0.16356449560827,0.209724043272942,0.0922855848666608,1,0.0135644956082701,0.0280148890232489,0.66863717501653,0.719705357595129,0.770805821224503,0.102168646207973,1,0.0197053575951291,0.0310152871299548,0.492931194589577,0.566610518290636,0.650433163603755,0.157501969014178,0,-2.06496842907779,0.0478038096585087,-0.274168532240872,-0.775522010264175,-0.727373718568825,-0.67208838310628,0.103433627157895,0,0.172626281431175,0.0314292579801684,1.22822318991313,1.33666315102138,1.45626690682878,0.228043716915651,0,1.08666315102138,0.0691570978196869,0.915225327578423
"7",-1.90319499189163,-1.84174339154604,-1.78027520395143,0.122919787940203,1,-0.0417433915460359,0.0373143549282808,0.0960006183354856,0.133484102532113,0.170976290077951,0.0749756717424658,1,-0.016515897467887,0.0227601304848405,0.461443711847218,0.62003496961218,0.778759656439892,0.317315944592673,1,-0.0799650303878197,0.0964568933510057,0.326823700767348,0.44422223231686,0.619269422270893,0.292445721503545,0,-2.18735671505156,0.0898929065558477,-0.499759061025406,0.999728771281264,0.999917775521323,0.999981467479415,0.000252696198151048,0,1.89991777552132,8.71946925515249e-05,1.21935274844907,1.27825988663755,1.34060426292125,0.121251514472184,0,1.02825988663755,0.0367491252741739,1.24938001716126
"8",-1.87683609254557,-1.80311672984781,-1.7294105760408,0.147425516504776,1,-0.00311672984780675,0.0447544442669258,0.0946416817787157,0.140116056271274,0.185589470680338,0.0909477889016224,1,-0.00988394372872614,0.0276090983199352,0.578668103816781,0.629449489433744,0.680186683029234,0.101518579212453,0,-0.0705505105662557,0.0308187630709939,0.459483580927278,0.526374751815545,0.603067761852916,0.143584180925638,0,-2.10520419555288,0.0435853750130287,-0.266589477696497,-0.746035980656479,-0.690652921671001,-0.626834228331391,0.119201752325088,0,0.209347078328999,0.036238399955049,1.17745570513496,1.28506113169876,1.40301894737344,0.225563242238482,0,1.03506113169876,0.0683997004623448,0.869523890090933
"9",-1.85913146077033,-1.79608989956047,-1.73303391575347,0.126097545016854,1,0.00391010043952811,0.0382790394212554,0.129455697105287,0.167906883359061,0.206366647875582,0.0769109507702945,1,0.0179068833590608,0.023347619351976,0.439320217617764,0.600444814733038,0.761608133151821,0.322287915534057,1,-0.0995551852669622,0.0979719192965888,0.338236776456889,0.457820020627697,0.641300548062455,0.303063771605565,0,-2.17375892674072,0.0933229437190493,-0.499721531400487,0.999695829207534,0.999907072717627,0.999979298417391,0.000283469209857223,0,1.89990707271763,9.75775652442566e-05,1.28253379508717,1.34481848755306,1.4101033295352,0.127569534448028,0,1.09481848755306,0.038661083928191,1.31382623188062
"10",-1.87438116901977,-1.81127790056571,-1.74816200596856,0.126219163051207,1,-0.0112779005657107,0.0383159777773156,0.135030854934922,0.173519912782636,0.212017312455335,0.0769864575204126,1,0.0235199127826358,0.0233705443394878,0.465832149349656,0.626756588497678,0.787599358049759,0.321767208700103,1,-0.0732434115023221,0.0978095624574874,0.334848997529203,0.456280634250085,0.633863554660759,0.299014557131555,0,-2.17529831311834,0.0918086231520893,-0.499739090091819,0.999714049646678,0.999912436452527,0.999980299981403,0.000266250334725049,0,1.89991243645253,9.15804352119257e-05,1.28550919667784,1.34761001545319,1.41334257503502,0.127833378357175,0,1.09761001545319,0.0387440118563675,1.3170635776398
"11",-1.77556179317153,-1.70019847679663,-1.62465938103995,0.150902412131578,0,0.0998015232033722,0.0458078768927316,0.112774842007756,0.158985910902892,0.205212701625944,0.0924378596181887,1,0.00898591090289236,0.0280612339857156,0.495594035273327,0.545686378671221,0.595982498796788,0.100388463523461,0,-0.154313621328779,0.0304731597723239,0.459018694085416,0.529663784015017,0.611796653382405,0.152777959296989,0,-2.10191516335341,0.0463922882229421,-0.324827497888646,-0.818092931022257,-0.776813606330968,-0.729020692903024,0.0890722381192324,0,0.123186393669032,0.0270686318202418,1.29542936803207,1.40300815431271,1.52115484218643,0.225725474154354,0,1.15300815431271,0.0684485340695472,1.00616202624971
"12",-1.82213113784617,-1.75043006407734,-1.67853037737979,0.143600760466386,1,0.0495699359226602,0.0435909704661132,0.143019351154368,0.186815968653693,0.230624202806718,0.0876048516523494,1,0.0368159686536931,0.0265940831372362,0.787180077723864,0.833820910948404,0.880743667874453,0.0935635901505888,0,0.133820910948404,0.0284008270227753,0.306054803760201,0.358718622127298,0.420517171022606,0.114462367262405,0,-2.27286032524112,0.0347689793273843,-0.376774005296159,-0.810236299612684,-0.756675022248719,-0.690287026343331,0.119949273269353,0,0.143324977751281,0.0365111647988044,1.20624186704252,1.30955493709699,1.42189967547757,0.215657808435049,0,1.05955493709699,0.0653876144271404,0.975984493240248
"13",-1.85532467398,-1.79373234330548,-1.73212516512473,0.123199508855266,1,0.00626765669452212,0.0373992856081703,0.149312491999366,0.186880270595206,0.224455373781812,0.0751428817824464,1,0.0368802705952056,0.022810902774308,0.450122228148032,0.607181696552499,0.7643195731373,0.314197344989268,1,-0.0928183034475006,0.0955070243370163,0.319445769070629,0.435161039206547,0.604501594783356,0.285055825712726,0,-2.19641790816187,0.0875259085678537,-0.499719872894812,0.99967808216251,0.999899680986398,0.999977391951193,0.000299309788683644,0,1.8998996809864,0.000102569326950274,1.22418183791559,1.28341867214831,1.34595140640687,0.121769568491275,0,1.03341867214831,0.0369053221267756,1.25380106161803
"14",-1.84137649266484,-1.77624293863837,-1.71109376560147,0.13028272706337,1,0.023757061361628,0.0395495180430912,0.123251669175861,0.162978470587755,0.202713909106195,0.0794622399303341,1,0.0129784705877552,0.0241221101228767,0.554052372261103,0.744092677830041,0.934145009369416,0.380092637108313,1,0.0440926778300407,0.115535903948853,0.469694788471686,0.644770895724644,0.888998243124354,0.419303454652668,0,-1.98680805164378,0.128421842970593,-0.499708217688976,0.999773706186988,0.999930378650653,0.999983527461646,0.00020982127465774,0,1.89993037865065,7.23219242774841e-05,1.36878263959075,1.43548733036158,1.50495433383511,0.136171694244361,0,1.18548733036158,0.0412662005923377,1.40223472486844
"15",-1.8603843894983,-1.80007852961963,-1.7397599694171,0.120624420081199,1,-7.85296196257335e-05,0.036617598306057,0.0936506863552804,0.13043325716704,0.167224164964365,0.0735734786090844,1,-0.0195667428329598,0.0223344769774518,0.584995085141123,0.758261430480446,0.931576348916219,0.346581263775096,1,0.058261430480446,0.105346883926511,0.386977792026132,0.535964267159865,0.73621275805235,0.349234966026218,0,-2.09561468020856,0.106778816191397,-0.499758471704957,0.999774653342856,0.999931221230534,0.999983540032284,0.000208886689427645,0,1.89993122123053,7.23372799144799e-05,1.17404844982993,1.23073886036438,1.29079100767141,0.116742557841477,0,0.980738860364379,0.0353828262821476,1.20279276624191
"16",-1.96337940298634,-1.89499873662494,-1.82659061113338,0.136788791852958,0,-0.0949987366249443,0.0415246740641467,0.111961695898264,0.15383345658059,0.195700721300873,0.083739025402609,1,0.00383345658059001,0.0254206342632535,0.845186042809187,0.887450851298995,0.92972931886081,0.084543276051623,0,0.187450851298995,0.0256647164495823,0.30552050178781,0.364255785352892,0.429544946914284,0.124024445126474,0,-2.26732316201553,0.0376453369497148,-0.434298676578634,-0.905333423096382,-0.882023342052897,-0.850998025343193,0.0543353977531889,1,0.017976657947103,0.0166101069811675,1.20167468853748,1.28284859770761,1.36929098206311,0.167616293525625,0,1.03284859770761,0.0508066904574433,1.02230650083896
"17",-1.8890618288973,-1.81606591150996,-1.74313410679753,0.145927722099772,1,-0.0160659115099597,0.0443000693349778,0.122183162339395,0.166998326311068,0.211851640768832,0.0896684784294368,1,0.0169983263110679,0.027220317220237,0.824341809629889,0.87202440530564,0.919655678180367,0.0953138685504777,0,0.17202440530564,0.0289350326082962,0.43933793577922,0.51155576499616,0.594647632816734,0.155309697037515,0,-2.12002318237226,0.0471534284887485,-0.358724877362308,-0.850783409721798,-0.817298801555907,-0.778457522579783,0.072325887142015,0,0.0827011984440927,0.0219786719249476,1.25033677785622,1.35132718375633,1.46209588431175,0.211759106455534,0,1.10132718375633,0.0642117040163414,0.992763739708311
"18",-1.84011119980203,-1.78074939648215,-1.72137564736978,0.11873555243225,1,0.0192506035178508,0.0360442003689987,0.131676977143432,0.167883366972584,0.204096860640969,0.0724198834975362,1,0.0178833669725844,0.0219842908084492,0.591238859426304,0.763612010944168,0.936022514500153,0.344783655073849,1,0.0636120109441677,0.104808109623616,0.389566559826951,0.528587087051373,0.735508593206811,0.345942033379861,0,-2.10299186031705,0.106322466661697,-0.499768303003634,0.999780809636009,0.999932529694959,0.999984811854107,0.000204002218097576,0,1.89993252969496,7.00311131537558e-05,1.13725519966618,1.19242746150955,1.2503558848115,0.113100685145318,0,0.942427461509549,0.0342765424843049,1.16510423009973
"19",-1.86729570917937,-1.79623802786217,-1.72518838856527,0.142107320614098,1,0.00376197213782525,0.0431399054391372,0.0697367867332573,0.113569907455218,0.157377847598771,0.0876410608655141,1,-0.0364300925447818,0.0266054918082514,0.637251757003452,0.685629785435649,0.734018983287061,0.0967672262836087,1,-0.0143702145643513,0.0293757529589602,0.422318385644317,0.486439733757888,0.559358434858395,0.137040049214077,0,-2.14513921361053,0.0415936235435267,-0.300088726273817,-0.767484055511335,-0.71907818412963,-0.6638798875014,0.103604168009935,0,0.18092181587037,0.0314744721052231,1.11470646530382,1.21192435238117,1.31913129676167,0.204424831457847,0,0.961924352381172,0.0619939733109663,0.834718177494503
"20",-1.88807465573121,-1.82837928326796,-1.76867051605643,0.11940413967478,1,-0.0283792832679584,0.0362471492121162,0.0848124221863873,0.121223502451066,0.157642671956875,0.0728302497704877,1,-0.0287764975489344,0.0221088560629249,0.569310830630956,0.729616920746927,0.88994859469858,0.320637764067624,1,0.0296169207469273,0.0974665029576812,0.334643412264101,0.454731786557628,0.63223977360724,0.297596361343139,0,-2.17684716081079,0.0914262628996085,-0.499758645624228,0.999734583751515,0.999918374205839,0.999981729046692,0.000247145295176665,0,1.89991837420584,8.48745687491516e-05,1.15050904564601,1.20593752062512,1.26492599033202,0.114416944686011,0,0.955937520625125,0.0346794219514707,1.17857320349005
"21",-1.86415732489899,-1.8045152417646,-1.74486359579875,0.119293729100236,1,-0.00451524176459572,0.0362136668276888,0.0954818340244599,0.131858701919189,0.168242233954573,0.0727603999301132,1,-0.0181412980808114,0.0220876646497083,0.540533652388521,0.703790469709001,0.86697977526503,0.32644612287651,1,0.00379046970900143,0.0992328325947695,0.347245100040353,0.473791223996824,0.65719095951832,0.309945859477966,0,-2.1577877233716,0.0951180918758989,-0.499755148508125,0.999741570630724,0.999923229911246,0.99998202465752,0.000240454026796177,0,1.89992322991125,8.39741377736445e-05,1.14834282015901,1.20359361748576,1.26254481605103,0.114201995892024,0,0.953593617485761,0.0346151263488395,1.17637261564716
"22",-1.88741396325449,-1.82436509519728,-1.76130323263767,0.126110730616829,1,-0.0243650951972836,0.0382830602943025,0.106945743665208,0.145397086256836,0.183856032321439,0.076910288656231,1,-0.00460291374316377,0.0233474302599249,0.501270712811006,0.676872734977466,0.852542771422448,0.351272058611443,1,-0.0231272650225343,0.106775167239906,0.400491430670943,0.54826403672486,0.75752165013896,0.357030219468016,0,-2.08331491064356,0.109432333863609,-0.499692659498535,0.999719675590193,0.999912397889018,0.999979842783111,0.000260167192918104,0,1.89991239788902,8.90786586613499e-05,1.2825563384564,1.34426269050297,1.41015450037878,0.127598161922376,0,1.09426269050297,0.0386758714007061,1.31331545725309
"23",-1.8869666599043,-1.82709354826424,-1.76720797406826,0.119758685836035,1,-0.0270935482642434,0.0363547966098998,0.101392628068614,0.137909426101427,0.174434354997273,0.0730417269286591,1,-0.012090573898573,0.0221730593427866,0.346004666913524,0.499729966845931,0.65343802175675,0.307433354843225,0,-0.200270033154068,0.0934462929024637,0.298925591196806,0.418732329327996,0.574461013472937,0.275535422276131,0,-2.21284661804043,0.084157094964331,-0.499725428621284,0.9996720859786,0.999900349875877,0.999976229206691,0.000304143228091247,0,1.89990034987588,0.000105430376826815,1.15713827479969,1.21266235770553,1.27226498220556,0.115126707405873,0,0.962662357705532,0.0348975635711198,1.18504913925394
"24",-1.90510709665973,-1.84023690597444,-1.77535392354989,0.129753173109841,1,-0.0402369059744412,0.0393887935687944,0.0940515474627134,0.133619179437753,0.173195403387712,0.0791438559249988,1,-0.0163808205622468,0.0240254622708876,0.770722401495172,0.938924562574866,1.10712565535322,0.336403253858049,0,0.238924562574866,0.102253048095373,0.360947902083929,0.502218308583523,0.690191723659253,0.329243821575324,0,-2.1293606387849,0.100635407020374,-0.499720905861645,0.999722100011984,0.999917161979325,0.999980065113404,0.000257965101419622,0,1.89991716197932,9.03562931550896e-05,1.35849406906752,1.42422967405159,1.49357789461978,0.135083825552255,0,1.17422967405159,0.0409403136858386,1.39189795504444
"25",-1.8082958389679,-1.73897075350472,-1.6696072501214,0.138688588846505,1,0.0610292464952802,0.0421017287289088,0.111387708290117,0.15428986880727,0.197185889622864,0.0857981813327463,1,0.00428986880726964,0.0260458948445235,0.659851436459641,0.709197736089658,0.758622961596397,0.0987715251367558,1,0.00919773608965768,0.0299838140419291,0.424302235369129,0.482264627976177,0.546528650554673,0.122226415185544,0,-2.14931431939225,0.0370782047480738,-0.235853787259858,-0.672517302098241,-0.600938382669572,-0.516795402153347,0.155721899944894,0,0.299061617330428,0.0472407043801369,0.993317420447943,1.0880426501681,1.19221898588176,0.198901565433821,0,0.838042650168099,0.0603185577707152,0.69967655589535
"26",-1.84523645713396,-1.78370524208084,-1.72216107305385,0.123075384080108,1,0.0162947579191557,0.0373616242022463,0.0802759478135364,0.117804825850966,0.15534262674216,0.0750666789286238,1,-0.0321951741490342,0.0227877555755592,0.61903318756127,0.777494354982116,0.93597115344057,0.3169379658793,1,0.0774943549821164,0.096341831836831,0.325541415247551,0.443196688786429,0.61654677783262,0.29100536258507,0,-2.18838225858199,0.0893869857095704,-0.499733534827578,0.999699337513988,0.999908480692138,0.999979465556739,0.000280128042751349,0,1.89990848069214,9.65235049537203e-05,1.2220989511471,1.28108261106293,1.34364247022411,0.121543519077008,0,1.03108261106293,0.0368383163404455,1.25186025625638
"27",-1.85890354726148,-1.79663529031417,-1.73435693537189,0.124546611889584,1,0.00336470968583336,0.0378082772052619,0.11747734389319,0.155453825538307,0.193439199506174,0.0759618556129842,1,0.00545382553830689,0.0230595079863371,0.462476751944091,0.627707705772006,0.792842896733136,0.330366144789045,1,-0.0722922942279938,0.100418311837636,0.347655641012976,0.484327306273006,0.665030971396757,0.317375330383782,0,-2.14725164109542,0.0969868805900482,-0.499716417275491,0.999707197752693,0.999909831488301,0.999978509826852,0.000271312074158647,0,1.8999098314883,9.35471092717492e-05,1.25143056898022,1.31164707701215,1.37590728231008,0.124476713329857,0,1.06164707701215,0.0377295033205166,1.28175245591719
"28",-1.8868914312966,-1.82670395910382,-1.76650623440427,0.120385196892328,1,-0.0267039591038243,0.0365449991182177,0.148286757149194,0.184994612887945,0.221710617301154,0.0734238601519602,1,0.0349946128879446,0.0222890583857559,0.565064248841237,0.743042070639312,0.920977175775445,0.355912926934208,1,0.0430420706393123,0.108185221112592,0.409781992718125,0.566433707802803,0.778690689088042,0.368908696369917,0,-2.06514523956562,0.112833360859435,-0.499753910707787,0.999782749487504,0.999933407729984,0.999983964514826,0.000201215027321178,0,1.89993340772998,6.95998322366077e-05,1.16917306046529,1.22563777177974,1.28544000522908,0.116266944763781,0,0.975637771779742,0.035238623932692,1.19769675679283
"29",-1.94551976764388,-1.87388587358354,-1.8021664079812,0.143353359662682,0,-0.0738858735835439,0.0435174680579711,0.107074769034551,0.15152518098816,0.195945341413192,0.0888705723786413,1,0.00152518098816029,0.0269788487584651,0.778152340933028,0.829943161217258,0.88176361134613,0.103611270413102,0,0.129943161217258,0.0314533544522084,0.504044469475613,0.57121618326229,0.644859527154136,0.140815057678523,0,-2.06036276410613,0.0427099073700113,-0.183016415694618,-0.667137521351909,-0.601853607982127,-0.529647347842444,0.137490173509465,0,0.298146392017873,0.0417362137929128,1.0375442553226,1.13638797043549,1.24736488731938,0.209820631996782,0,0.886387970435489,0.0636504876375961,0.7118030220479
"30",-1.80332738898583,-1.72965583171287,-1.65591314068885,0.147414248296978,1,0.0703441682871286,0.0447499715144765,0.0821382000492855,0.127417215445159,0.172685701533249,0.0905475014839631,1,-0.0225827845548409,0.0274875702060065,0.53535675542604,0.58265653264835,0.630014178534831,0.094657423108791,0,-0.11734346735165,0.0287347413900072,0.36960539038507,0.43518512597414,0.508282542572271,0.138677152187201,0,-2.19639382139428,0.0420869419010407,-0.379459952664978,-0.850302488311517,-0.814877475050084,-0.774455052399002,0.0758474359125151,0,0.0851225249499163,0.0230166961291401,1.31150644034594,1.41198899252527,1.52332005981481,0.211813619468874,0,1.16198899252527,0.0642367732470666,1.06754441602193
"31",-1.9509599040358,-1.8745474918709,-1.79795183620744,0.153008067828366,1,-0.0745474918708959,0.0464475501161877,0.0627610009611829,0.110150782709534,0.157556215012682,0.0947952140514993,1,-0.039849217290466,0.0287770086429338,0.798403564612068,0.854270712548151,0.910249077944442,0.111845513332374,0,0.154270712548151,0.0339522624496847,0.5762852138309,0.654967855401669,0.743610459870628,0.167325246039727,0,-1.97661109196675,0.0507723333975046,-0.113353151132697,-0.640055073045425,-0.572177083232698,-0.496897115135715,0.14315795790971,0,0.327822916767302,0.043477503927732,1.15958140744989,1.27478343935894,1.40287554121906,0.243294133769168,0,1.02478343935894,0.0737943877631195,0.785777470810101
"32",-1.88900105883049,-1.82328969240277,-1.75756671374305,0.131434345087442,1,-0.0232896924027652,0.0398991495739637,0.141874448690929,0.181952637218525,0.222040489110233,0.0801660404193041,1,0.0319526372185255,0.0243357511048801,0.528432024229995,0.700831526382195,0.873194193543918,0.344762169313923,1,0.000831526382194636,0.104807437143741,0.388499566336003,0.524527070532086,0.737274836122379,0.348775269786376,0,-2.10705187683634,0.107535075986588,-0.499698143930044,0.999712217416767,0.999911191000891,0.999980423921313,0.000268206504546731,0,1.89991119100089,9.21221198150242e-05,1.3935013343512,1.4609523221907,1.53209887992405,0.138597545572845,0,1.2109523221907,0.0420051681532286,1.42738777011817
"33",-1.89042916268044,-1.82827167475397,-1.76610037724943,0.124328785431012,1,-0.0282716747539726,0.0377421120968074,0.0844908845727124,0.12240351017588,0.160323580200768,0.0758326956280558,1,-0.0275964898241201,0.0230203097591838,0.577366017779108,0.756536364675294,0.935682242763603,0.358316224984494,1,0.0565363646752935,0.108940417146881,0.425434396649466,0.57148434253024,0.814593389894682,0.389158993245216,0,-2.06009460483818,0.120537492964833,-0.499742086144312,0.999774321934543,0.99993153727718,0.99998483595557,0.000210514021026897,0,1.89993153727718,7.25571577197093e-05,1.24709112709817,1.30742121558111,1.37110259149447,0.124011464396304,0,1.05742121558111,0.0375847554743438,1.27756255345233
"34",-1.8312254824607,-1.77089447798108,-1.71054711085472,0.120678371605982,1,0.02910552201892,0.0366339347368392,0.129083864004901,0.165884434445865,0.202691648781807,0.0736077847769063,1,0.0158844344458653,0.0223449032221857,0.522533220807008,0.698274832416615,0.874131334515884,0.351598113708876,1,-0.0017251675833847,0.106877559882501,0.404649372100766,0.551726434048514,0.765211425653304,0.360562053552538,0,-2.07985251331991,0.110659920539153,-0.499768022797868,0.999789749432828,0.999936751920413,0.999985030445936,0.000195281013107618,0,1.89993675192041,6.79245165286214e-05,1.17518525024188,1.23192435865074,1.29203812553317,0.116852875291286,0,0.98192435865074,0.0354163030098526,1.20408299128342
"35",-1.8084471846091,-1.73701078895155,-1.66559647643063,0.142850708178468,1,0.0629892110484513,0.0433656678016528,0.11660161877291,0.160521352820787,0.204466907031989,0.0878652882590794,1,0.0105213528207872,0.0266730683591071,0.659383626323627,0.706790734961749,0.754199500017055,0.0948158736934281,1,0.00679073496174953,0.0287835671380461,0.393676607353729,0.456855906677708,0.530642866925798,0.136966259572069,0,-2.17472304069071,0.0415969295477038,-0.34429290375173,-0.811897032151639,-0.764657440987577,-0.708075211565817,0.103821820585822,0,0.135342559012423,0.0316115350951455,1.16601502164773,1.26909000607106,1.38301117560139,0.216996153953658,0,1.01909000607106,0.0658087392324243,0.910379310493112
"36",-1.87693706477234,-1.81567018975781,-1.75439253500609,0.122544529766255,1,-0.0156701897578067,0.0372004934772875,0.102130190202513,0.139499699850407,0.176877373280758,0.0747471830782457,1,-0.0105003001495928,0.0226907734519503,0.564895940510699,0.719509245400951,0.874081092589234,0.309185152078535,1,0.019509245400951,0.0939888909083694,0.310237786009595,0.420764007688159,0.588877276401076,0.278639490391481,0,-2.21081493968026,0.0857551391786245,-0.499742433204214,0.999693882770471,0.999906329314398,0.99997914317304,0.000285260402568932,0,1.8999063293144,9.81597172436462e-05,1.21170034952826,1.27016462577851,1.33221319770899,0.120512848180736,0,1.02016462577851,0.0365261454523753,1.24127247054589
"37",-1.87809945072775,-1.81858902408473,-1.75906685411715,0.119032596610599,1,-0.0185890240847277,0.0361343858374841,0.117872875811279,0.154165266488293,0.190465938488091,0.072593062676812,1,0.00416526648829274,0.0220368574641825,0.516322626911008,0.687350731682172,0.858407874621792,0.342085247710784,1,-0.0126492683178278,0.103979600561307,0.372131420894889,0.52306351289112,0.716366062566567,0.344234641671677,0,-2.1085154344773,0.10509268129197,-0.499714560595588,0.999727109280639,0.999914404540067,0.999978927410659,0.000251818130020176,0,1.89991440454007,8.65151210558212e-05,1.1410854203212,1.19760755643538,1.2549150422811,0.113829621959902,0,0.947607556435378,0.0344924437317782,1.16868907295874
"38",-1.77495037887712,-1.7136352696524,-1.65230112755117,0.122649251325946,0,0.0863647303475978,0.0372322054908523,0.0844954141976103,0.121891263476877,0.159296094429768,0.0748006802321574,1,-0.0281087365231231,0.022707006271011,0.411691147296771,0.57305940744651,0.734577394274985,0.322886246978215,1,-0.12694059255349,0.0981505644220663,0.33891152575175,0.460351699473539,0.642018628995617,0.303107103243867,0,-2.17122724789488,0.0931883016963344,-0.499723822550552,0.999699991458948,0.999907050788343,0.999979315199942,0.000279323740994597,0,1.89990705078834,9.58473916903162e-05,1.21313722706662,1.27172473249819,1.33381102137817,0.120673794311551,0,1.02172473249819,0.0365744371365632,1.24246122605418
"39",-1.9064764908091,-1.83463513274781,-1.76309236055892,0.143384130250179,1,-0.0346351327478083,0.0435302072498587,0.1155753528644,0.159443791824121,0.203336760707517,0.0877614078431168,1,0.00944379182412142,0.0266416184030447,0.682658406442715,0.733022830003975,0.783089986840322,0.100431580397607,1,0.0330228300039745,0.0304909294550038,0.45714353877551,0.523419636545567,0.599056974500337,0.141913435724827,0,-2.10815931082286,0.0430741052148834,-0.265131548840951,-0.742482848137969,-0.684478611290203,-0.618431291287655,0.124051556850314,0,0.215521388709797,0.0376701492294526,1.07015133642266,1.17492545719715,1.29216208809056,0.2220107516679,0,0.924925457197149,0.0673452023991279,0.780231934176304
"40",-1.80499155209283,-1.74492021066506,-1.68483559783603,0.1201559542568,1,0.0550797893349362,0.0364753749868482,0.0731758639340475,0.109814740735001,0.146461275217186,0.0732854112831381,0,-0.0401852592649988,0.0222470312608918,0.461406899529408,0.631759471619892,0.802079583011885,0.340672683482477,1,-0.0682405283801076,0.103560124701213,0.380437762730986,0.515584609032396,0.718827189983282,0.338389427252295,0,-2.11599433833603,0.104066963237207,-0.499755427023957,0.999762791613075,0.999926759450839,0.999983394812216,0.000220603199141411,0,1.89992675945084,7.57273749852933e-05,1.16463918021551,1.22099947784521,1.28046080381491,0.115821623599393,0,0.970999477845209,0.0351024701721878,1.19304314666177
"41",-1.83440136199754,-1.77220741192141,-1.70999791680142,0.124403445196116,1,0.0277925880785856,0.0377647572339827,0.135668176263805,0.173602441080428,0.211543996716874,0.0758758204530688,1,0.0236024410804281,0.0230334009659279,0.469040714401853,0.62350956750424,0.778124033026704,0.309083318624851,1,-0.0764904324957596,0.0939486727055563,0.306372642581092,0.420588171953589,0.581264494037648,0.274891851456556,0,-2.21099077541483,0.0842297668436511,-0.499724643564801,0.999672599544097,0.999899429679916,0.999977135731752,0.000304536187655247,0,1.89989942967992,0.000104712730802176,1.24830806633131,1.3088349744289,1.3724674386891,0.124159372357797,0,1.0588349744289,0.0376283681781227,1.27874753819351
"42",-1.84043977571041,-1.78078293779619,-1.72111234737486,0.119327428335547,1,0.0192170622038137,0.0362238558329009,0.0958543853950242,0.132244257233305,0.168641964847334,0.07278757945231,1,-0.0177557427666945,0.0220959035743547,0.593987022328535,0.761975370002939,0.929984129389132,0.335997107060598,1,0.0619753700029387,0.102135282024461,0.368340830820484,0.502631423314191,0.696884653086791,0.328543822266307,0,-2.12894752405423,0.100814956422297,-0.499787841483625,0.99978892992056,0.999936671421756,0.999985027725403,0.000196097804842088,0,1.89993667142176,6.82923468905206e-05,1.14913644752357,1.20485320670356,1.26339743314571,0.114260985622141,0,0.954853206703557,0.0346283802263073,1.17765801034929
"43",-1.88209019786354,-1.82438146995941,-1.76665951672017,0.115430681143372,1,-0.0243814699594072,0.035040941390288,0.0741224723002397,0.109319122199668,0.144522727151821,0.0704002548515812,0,-0.0406808778003316,0.0213712013402643,0.563740786670732,0.758426869971458,0.953150570440992,0.389409783770261,1,0.0584268699714583,0.118367497337625,0.495748390485821,0.682977942803791,0.938256789014115,0.442508398528294,0,-1.94860100456463,0.135378572778246,-0.499756735180112,0.999821892867859,0.999944457258096,0.999986444703384,0.000164551835524884,0,1.8999444572581,5.66151407063788e-05,1.07496942060159,1.12647122042045,1.18192051795772,0.10695109735613,0,0.876471220420454,0.0324203839081046,1.10085733686011
"44",-1.87870917262499,-1.81333747143953,-1.74794931660606,0.130759856018923,1,-0.0133374714395278,0.0396943506675387,0.119806483976948,0.159683855227122,0.199567733322963,0.0797612493460153,1,0.00968385522712245,0.0242128999665211,0.584117808891426,0.75648256396949,0.928902910289737,0.34478510139831,1,0.0564825639694898,0.104803426936532,0.384865876075019,0.525730681938174,0.727717692921311,0.342851816846292,0,-2.10584826543025,0.105155811466359,-0.499740611181338,0.999753275935518,0.999924566188906,0.999982702050924,0.000229426115405662,0,1.89992456618891,7.90263805733513e-05,1.37990213553081,1.4466898165227,1.51710404858264,0.137201913051829,0,1.1966898165227,0.041582030631404,1.41405893486855
"45",-1.88461808528653,-1.8237767705044,-1.76292100975276,0.121697075533771,1,-0.0237767705044003,0.0369432046517227,0.0887881650776903,0.125896113345966,0.163012334275896,0.0742241691982057,1,-0.0241038866540339,0.022532005710877,0.479575520202038,0.663675437419157,0.847839115732984,0.368263595530946,1,-0.0363245625808429,0.111937888951779,0.438727536586179,0.607496611182974,0.833993978210129,0.39526644162395,0,-2.02408233618545,0.120844317155453,-0.499735704497902,0.999782447959896,0.999932930615441,0.99998377703535,0.000201329075453671,0,1.89993293061544,6.95125881499412e-05,1.19444630046739,1.25235860332093,1.31324096840575,0.118794667938362,0,1.00235860332093,0.0360025146130003,1.22344773958544
"46",-1.85321195766545,-1.79072015012513,-1.72821581766033,0.124996140005126,1,0.00927984987487229,0.0379447133171022,0.148487350047548,0.186593481076073,0.224708623388392,0.0762212733408445,1,0.0365934810760727,0.023138255781986,0.528066551520581,0.691472894133374,0.854982554137567,0.326916002616986,1,-0.00852710586662553,0.0993684428247241,0.341973885195825,0.472996466253687,0.651020024837535,0.30904613964171,0,-2.15858248111474,0.0945370822225212,-0.499687847183668,0.999669971810867,0.99989567359807,0.99997572003208,0.000305748221212765,0,1.89989567359807,0.000104434007659307,1.2595935168791,1.32013930085065,1.38493723897567,0.125343722096576,0,1.07013930085065,0.037993408174946,1.28971419826864
"47",-1.80789943529109,-1.73254003160699,-1.65705966190986,0.150839773381225,1,0.0674599683930079,0.0457893170065989,0.131427720916161,0.177581984423294,0.22372926265316,0.0923015417369995,1,0.0275819844232942,0.0280200121234723,0.657051726058727,0.705127592987932,0.753330582688429,0.0962788566297014,1,0.00512759298793242,0.029226345472814,0.359136074860857,0.421987044794559,0.495213274112244,0.136077199251387,0,-2.20959190257386,0.0413285173511174,-0.385593697496492,-0.853748613299443,-0.815386012530405,-0.769544020064566,0.0842045932348771,0,0.0846139874695949,0.0256218055656812,1.38458200899159,1.49048233424221,1.60599844087826,0.221416431886665,0,1.24048233424221,0.0671342361794084,1.13860386572717
"48",-1.87673061307816,-1.81526838401821,-1.7537916141903,0.12293899888786,1,-0.0152683840182088,0.0373202208913326,0.148070329279993,0.185562833104322,0.223065511714085,0.0749951824340924,1,0.0355628331043216,0.02276604812172,0.657009297819503,0.807277337310132,0.957571850167591,0.300562552348088,1,0.107277337310132,0.0913945355327069,0.295611874595081,0.397521980715632,0.581478590423082,0.285866715828001,0,-2.23405696665279,0.0892109408612342,-0.499775919448938,0.999718113527019,0.9999146168778,0.999982642686432,0.000264529159412996,0,1.8999146168778,9.10854903092985e-05,1.21937722256134,1.27909239427363,1.34073999660694,0.121362774045597,0,1.02909239427363,0.036776719780023,1.24976394107341
"49",-1.83467825631865,-1.77137379132062,-1.70805667980346,0.126621576515194,1,0.0286262086793843,0.0384381411203042,0.143275709192286,0.181885804240582,0.220505781164744,0.0772300719724586,1,0.0318858042405823,0.023444485556323,0.460927468062385,0.64569644808013,0.83046537397786,0.369537905915475,1,-0.0543035519198702,0.112327666924503,0.443535663549979,0.610721568799088,0.841153634999438,0.397617971449458,0,-2.02085737856933,0.121710469111761,-0.499727420840712,0.999776813531239,0.999932568344224,0.999983720578646,0.000206907047407334,0,1.89993256834422,7.20550221863892e-05,1.29380878434671,1.35595366256939,1.42248808426245,0.12867929991574,0,1.10595366256939,0.0390045951772986,1.32535601013231
"50",-1.87065164782671,-1.81376924075084,-1.7568734189101,0.113778228916604,1,-0.0137692407508447,0.0345393022948202,0.110134501190675,0.14482966811523,0.179532300282967,0.0693977990922922,1,-0.00517033188476962,0.0210668797476933,0.430667994585507,0.588747787210699,0.746905280200465,0.316237285614958,1,-0.111252212789301,0.096134877924671,0.328680800071814,0.444195616846209,0.622975558628212,0.294294758556398,0,-2.18738333052221,0.0906742095351957,-0.49978541859917,0.999758431517699,0.999927338228457,0.999983342867679,0.000224911349979484,0,1.89992733822846,7.79377804434465e-05,1.04489151990692,1.09498346403889,1.14882780459778,0.103936284690858,0,0.844983464038886,0.0315059368532937,1.07043199075012
"51",-1.8866278037423,-1.8141330279015,-1.7416648479048,0.144962955837502,1,-0.0141330279015037,0.0440067584156013,0.137845600326974,0.182293315482347,0.226740530041548,0.0888949297145734,1,0.0322933154823466,0.0269858293556111,0.516446835546157,0.56316788244951,0.609820692218114,0.0933738566719573,0,-0.13683211755049,0.0283463395917529,0.365239128541689,0.42924811275443,0.500655552892392,0.135416424350703,0,-2.20233083461399,0.0410967528488516,-0.38105138075381,-0.850229826451815,-0.812790917182293,-0.768572338331573,0.0816574881202421,0,0.0872090828177073,0.024833122842581,1.26104067178288,1.35989237962939,1.46858966117257,0.207548989389688,0,1.10989237962939,0.0629368134896303,1.0226878933992
"52",-1.86402540744376,-1.80355234455589,-1.74306603631948,0.120959371124286,1,-0.00355234455588915,0.0367192689205806,0.1554428453098,0.192328583328348,0.229222234435245,0.0737793891254454,0,0.0423285833283476,0.0223969859939545,0.666224483096891,0.846109081266372,1.02603635861907,0.359811875522178,1,0.146109081266372,0.109373986015924,0.423778183231544,0.577096244931793,0.799704999352716,0.375926816121173,0,-2.05448270243663,0.115375011189135,-0.499773172031159,0.999803455434058,0.999939187471194,0.999985996971879,0.000182541537820935,0,1.89993918747119,6.264333942702e-05,1.18072207085216,1.23776310307772,1.2981239549216,0.117401884069442,0,0.987763103077722,0.0355823267822312,1.20976575789103
"53",-1.85007151604306,-1.79036617359693,-1.7306445249129,0.119426991130168,1,0.00963382640307442,0.0362540549816067,0.122995455902172,0.159413158646991,0.195838594631789,0.072843138729617,1,0.00941315864699133,0.0221127702172752,0.464120005691746,0.62888413794137,0.793718892701986,0.329598887010241,1,-0.0711158620586296,0.100190315549748,0.354425242460865,0.483154386621988,0.670574915347473,0.316149672886607,0,-2.14842456074643,0.0970456993350867,-0.499766390311566,0.999758216069384,0.999927669846226,0.999983002953365,0.000224786883980199,0,1.89992766984623,7.82921090510365e-05,1.15077018332967,1.20646671732716,1.26519818080264,0.114427997472976,0,0.956466717327162,0.0346799472022775,1.1790470662328
"54",-1.90203917453286,-1.84176401620291,-1.78147513813413,0.120564036398728,1,-0.0417640162029089,0.0365992570699246,0.126869667834428,0.163633064372766,0.200403890243854,0.0735342224094258,1,0.0136330643727655,0.0223225677995724,0.480101481306576,0.667900729845954,0.855723537698671,0.375622056392095,1,-0.0320992701540465,0.114175338383141,0.458288643648089,0.631918837745629,0.868214402618094,0.409925758970005,0,-1.99966010962279,0.125400546394128,-0.499744502791211,0.999797819732231,0.999936732968365,0.999985003288397,0.000187183556165982,0,1.89993673296837,6.41356095882662e-05,1.17241645147886,1.22914142928642,1.28901520754372,0.116598756064865,0,0.979141429286418,0.0353381404877869,1.2008529865474
"55",-1.86343006530148,-1.78949111294053,-1.71560600932653,0.147824055974951,1,0.0105088870594707,0.0448756957071592,0.114077657708378,0.159509150425036,0.204946344302349,0.0908686865939703,1,0.00950915042503631,0.0275849952937202,0.689317322207646,0.738257042606459,0.787133148220593,0.0978158260129472,1,0.0382570426064589,0.0296947589482059,0.439304788890955,0.511569034825775,0.591276788249639,0.151971999358684,0,-2.12000991254265,0.0461103301505962,-0.337953891928779,-0.826581554761496,-0.783237594051511,-0.739366997422993,0.087214557338503,0,0.116762405948489,0.0264464252505192,1.25618145758149,1.35877269182927,1.475471980009,0.219290522427506,0,1.10877269182927,0.066536247820558,0.980942216125814
"56",-1.81904130978393,-1.75544604707394,-1.69183975646878,0.127201553315156,1,0.044553952926061,0.0386142161996364,0.0915429464769639,0.130333833179288,0.169132401706058,0.0775894552290939,1,-0.0196661668207119,0.0235536019471188,0.613027643776289,0.785159010142144,0.957223764894955,0.344196121118667,1,0.0851590101421439,0.10462496403669,0.383124697617775,0.526217580863699,0.72635308170945,0.343228384091675,0,-2.10536136650472,0.105137261673563,-0.499736501020238,0.99974959790035,0.999924480482892,0.999982182261289,0.000232584360938981,0,1.89992448048289,8.07764205733743e-05,1.30560638648554,1.36875802620957,1.43542980651959,0.129823420034052,0,1.11875802620957,0.039346276138704,1.33771325096417
"57",-1.90659566486213,-1.8310311576957,-1.75540987898511,0.151185785877012,1,-0.0310311576956956,0.0458954167907738,0.0817619152200228,0.128433524024327,0.175131512431529,0.0933695972115067,1,-0.021566475975673,0.0283440828060225,0.569070166495323,0.621708999337144,0.674439021499527,0.105368855004203,0,-0.0782910006628564,0.0319863620066869,0.518541722520044,0.59446359444028,0.679632647229941,0.161090924709897,0,-2.03711535292814,0.0488798887975884,-0.231447785348989,-0.740435326384902,-0.683971656546114,-0.619376021009573,0.121059305375328,0,0.216028343453886,0.0367707029251787,1.21109852898947,1.32798001037598,1.45841135790028,0.247312828910814,0,1.07798001037598,0.0750166266260918,0.881248149867195
"58",-1.88192342362596,-1.82228909959009,-1.76264306201717,0.119280361608793,1,-0.022289099590088,0.0362096026270766,0.141760439384077,0.178129765498214,0.214506286428034,0.0727458470439568,1,0.0281297654982145,0.0220832502269373,0.633753921488758,0.812133473419546,0.990562625454162,0.356808703965404,1,0.112133473419546,0.108455164742101,0.408528868684138,0.569918263505148,0.781165154073386,0.372636285389248,0,-2.06166068386327,0.113834838399722,-0.499728007591055,0.999761347472019,0.999926225911445,0.999982138472483,0.000220791000464349,0,1.89992622591144,7.615724220217e-05,1.14792551311179,1.20268470245164,1.26222303465718,0.114297521545389,0,0.952684702451638,0.0346515323183668,1.17548277662315
"59",-1.86543071324034,-1.80482807724188,-1.74421231592734,0.121218397313003,1,-0.00482807724188028,0.0367978986506049,0.10179682059399,0.138757079420536,0.175726190352484,0.0739293697584935,1,-0.0112429205794637,0.0224425043633264,0.526121519106172,0.699862928962897,0.873520334647605,0.347398815541433,1,-0.000137071037102809,0.105606748641054,0.39686085170702,0.537572288462925,0.750310673517658,0.353449821810638,0,-2.0940066589055,0.108734628774204,-0.49974715029558,0.99976479494097,0.999929029747439,0.999983482362218,0.00021868742124842,0,1.89992902974744,7.57991758775473e-05,1.18523488597477,1.2425350013348,1.30309727181497,0.117862385840201,0,0.992535001334801,0.0357215372526015,1.21412865820607
"60",-1.89378607657447,-1.83202386899769,-1.77024324377543,0.123542832799042,1,-0.0320238689976891,0.0375034744967546,0.145009778267254,0.182683454007909,0.220365561203975,0.0753557829367206,1,0.0326834540079088,0.0228755231280708,0.512277114665944,0.683698853332989,0.85526981052415,0.342992695858206,1,-0.0163011466670113,0.104270202905521,0.386547602541688,0.521594609018246,0.734359721773865,0.347812119232177,0,-2.10998433835018,0.10728949583687,-0.49977759234492,0.999786777542448,0.9999353434613,0.999985508223752,0.000198730681304493,0,1.8999353434613,6.85293208712224e-05,1.23168538608823,1.29142576787643,1.35415944911472,0.122474063026497,0,1.04142576787643,0.0371172958718232,1.26228206870103
"61",-1.8532084447714,-1.7917028121439,-1.73018063796563,0.123027806805769,1,0.00829718785610245,0.0373471503867008,0.0679441546545803,0.105463184785162,0.142989459966081,0.075045305311501,0,-0.0445368152148376,0.0227812853785502,0.401348141122952,0.563292225481681,0.725371078765318,0.324022937642366,1,-0.136707774518319,0.0984893489797483,0.336269084660859,0.465965053738564,0.641244029818789,0.30497494515793,0,-2.16561389362986,0.0932708723468042,-0.49977147774559,0.999754755986666,0.999926886755448,0.999982490712648,0.000227734725981144,0,1.89992688675545,7.97625767492439e-05,1.22153823716494,1.28074574953592,1.34299709037885,0.121458853213909,0,1.03074574953592,0.036809966510109,1.2518803991402
"62",-1.87518337882774,-1.81213819034777,-1.74908003373905,0.126103345088693,1,-0.0121381903477731,0.0382808149987683,0.123772297967888,0.162227949658935,0.200693198715544,0.0769209007476555,1,0.0122279496589347,0.0233506308153657,0.532888276849375,0.696065983406502,0.85919072944376,0.326302452594385,1,-0.00393401659349835,0.0991899189175033,0.345555126901398,0.470784489413857,0.655198153813373,0.309643026911975,0,-2.16079445795457,0.095109949924177,-0.499741669083762,0.999725600173869,0.999918005295908,0.999980976620383,0.000255376446513633,0,1.89991800529591,8.88261793436896e-05,1.28348572772591,1.34531783915759,1.41111786878437,0.127632141058459,0,1.09531783915759,0.0386848801633425,1.3150526838591
"63",-1.84008411691978,-1.77521079003586,-1.7103257552621,0.129758361657675,1,0.0247892099641365,0.0393903744591233,0.104729022170169,0.144296606168697,0.183873183611482,0.0791441614413122,1,-0.00570339383130342,0.0240255482959869,0.572510099490807,0.750508696385158,0.928382260656091,0.355872161165284,1,0.0505086963851583,0.108175886677326,0.410979773375889,0.562164904221964,0.777691111834046,0.366711338458158,0,-2.06941404314646,0.112439807831911,-0.499718255556899,0.999749379807569,0.999923346517511,0.99998227918108,0.000232899373511453,0,1.89992334651751,8.02724599195947e-05,1.35840357143601,1.42415386224348,1.49348976260115,0.135086191165138,0,1.17415386224348,0.0409408966124963,1.39165971026118
"64",-1.86233740071158,-1.79696568253442,-1.7315808107918,0.130756589919774,1,0.0030343174655767,0.0396933903792237,0.0907943610016615,0.130668880252106,0.170552789163603,0.0797584281619416,1,-0.019331119747894,0.0242120159437458,0.473616805057079,0.660327478818997,0.847003314465191,0.373386509408112,1,-0.039672521181003,0.113500680379345,0.454925025289492,0.621071194885192,0.860249708807095,0.405324683517603,0,-2.01050775248323,0.124343149649243,-0.499736322489189,0.999787701067783,0.999935661915692,0.999984788192446,0.000197087124662598,0,1.89993566191569,6.83288981029085e-05,1.37989956257044,1.44652044964199,1.51710209156664,0.1372025289962,0,1.19652044964199,0.0415839601157531,1.41394373203204
"65",-1.8840243479365,-1.80840558409976,-1.73255870061536,0.151465647321137,1,-0.00840558409975833,0.0459785757678917,0.1572266670896,0.203661571583307,0.250095917868989,0.0928692507793892,0,0.0536615715833069,0.0281924109693983,0.524470433253343,0.5758576076592,0.627486264821323,0.10301583156798,0,-0.1241423923408,0.0312706490607183,0.438185660124551,0.50730227147896,0.587982103001097,0.149796442876546,0,-2.12427667588946,0.0454921745112486,-0.287485233220811,-0.762291596283003,-0.703109659682321,-0.634687864591547,0.127603731691456,0,0.196890340317679,0.0387614375649563,1.25311964394747,1.37231906640132,1.5052773419836,0.252157698036134,0,1.12231906640132,0.0764851197517579,0.951872566591782
"66",-1.88798978820059,-1.81551671752572,-1.74299782209904,0.144991966101549,1,-0.0155167175257158,0.0440150109371136,0.0806435062010758,0.125208096482033,0.169754905758541,0.0891113995574647,1,-0.0247919035179671,0.0270517442513691,0.622233583009276,0.669971095917281,0.717715743763838,0.0954821607545622,1,-0.0300289040827193,0.0289857770104326,0.374617007789972,0.437486978466299,0.510916068613535,0.136299060823562,0,-2.19409196890212,0.0413963515475714,-0.350042777471017,-0.810697497341342,-0.763000902945839,-0.706041174847554,0.104656322493788,0,0.136999097054161,0.0318550753808423,1.21637162425285,1.32203156890446,1.4375769237775,0.221205299524656,0,1.07203156890446,0.0670748216498764,0.959888897503014
"67",-1.86185708848943,-1.79724308068975,-1.73261524410591,0.129241844383523,1,0.00275691931024569,0.0392335915767398,0.148137457396211,0.187549031762431,0.226969094805678,0.0788316374094676,1,0.037549031762431,0.0239307025972357,0.619125628497659,0.816979130369836,1.01483827847397,0.395712649976311,1,0.116979130369837,0.120281385868442,0.488538238733227,0.701724546227568,0.960626603886426,0.4720883651532,0,-1.92985440114085,0.143974115746297,-0.499733648762863,0.99981019866137,0.999941667085549,0.999985319213394,0.000175120552024177,0,1.89994166708555,6.10918105753437e-05,1.34884996649964,1.4128917656171,1.48323897790693,0.134389011407287,0,1.1628917656171,0.0407484543632512,1.3819369634662
"68",-1.79426027066948,-1.73381409149784,-1.67334861114471,0.12091165952477,0,0.0661859085021581,0.0367047241985682,0.0927844201661349,0.129651924222579,0.166527593117006,0.0737431729508707,1,-0.0203480757774208,0.0223859880901752,0.435752529553128,0.589336845137698,0.743078794708981,0.307326265155853,1,-0.110663154862302,0.0934180862561196,0.305683208567846,0.416650073592097,0.579092820054913,0.273409611487067,0,-2.21492887377632,0.0839522055344296,-0.499754450033799,0.999705284877235,0.99991047456934,0.999979490505025,0.000274205627789792,0,1.89991047456934,9.46816317273456e-05,1.17955271150282,1.2364305484582,1.29685599796663,0.117303286463811,0,0.986430548458203,0.0355536800598436,1.20843357099357
"69",-1.88811884140986,-1.82609208777414,-1.76405291009371,0.124065931316156,1,-0.0260920877741433,0.0376623286131028,0.139057403067264,0.176890514771149,0.21473217283657,0.0756747697693055,1,0.0268905147711492,0.0229723566809771,0.551991372579807,0.71697186911794,0.881935035893574,0.329943663313768,1,0.0169718691179404,0.100306340693118,0.357418074272203,0.48181580682758,0.680467012092444,0.323048937820241,0,-2.14976314054084,0.0997475328856259,-0.499745217073226,0.999735566357303,0.999920427245128,0.99998213153218,0.000246565174876867,0,1.89992042724513,8.52925102697255e-05,1.2423146941268,1.30205045238437,1.36586314466007,0.123548450533271,0,1.05205045238437,0.0374485242750225,1.27272871887743
"70",-1.89435047188847,-1.81825946083215,-1.74231717483144,0.152033297057035,1,-0.0182594608321511,0.0461543193555124,0.100549221793193,0.147132278289313,0.193736374382077,0.0931871525888841,1,-0.00286772171068747,0.0282886552816262,0.763032880802829,0.815040365014509,0.866804710999926,0.103771830197098,0,0.115040365014509,0.0315047099394222,0.436327141852464,0.501368945942937,0.575268547017768,0.138941405165305,0,-2.13021000142548,0.0421693156912707,-0.279094092122315,-0.747926810876872,-0.687091685921906,-0.615288273441553,0.132638537435319,0,0.212908314078094,0.0403283064281477,1.26386741889418,1.37578919809995,1.49857547196878,0.234708053074604,0,1.12578919809995,0.0711728807637117,0.950673328744123
"71",-1.8888972839902,-1.82864820205457,-1.76839100030603,0.120506283684166,1,-0.0286482020545722,0.0365817914383736,0.151965858061,0.188709219382699,0.225460687059109,0.0734948289981086,0,0.0387092193826989,0.0223106109897897,0.681407272029052,0.856658844737705,1.03175528917201,0.350348017142953,1,0.156658844737705,0.106538111897839,0.408317887391052,0.547801502847998,0.79997004918416,0.391652161793108,0,-2.08377744452042,0.122242312273066,-0.499752116459218,0.9997737213315,0.999930574019733,0.999985723596443,0.000212002264943223,0,1.89993057401973,7.26776224703376e-05,1.17156076946463,1.22795478450397,1.28808263585472,0.116521866390086,0,0.977954784503973,0.0353180710848328,1.19999986133956
"72",-1.85372256775218,-1.77592120721453,-1.69807193199417,0.155650635758016,1,0.0240787927854729,0.0472507397520171,0.135991303681928,0.183889588346561,0.23176622107998,0.095774917398052,1,0.0338895883465612,0.0290746580863028,0.686163158406272,0.737858720740975,0.789613694449539,0.103450536043266,1,0.0378587207409755,0.0314042328766818,0.459219075216137,0.534544595588214,0.623821057624785,0.164601982408648,0,-2.09703435178021,0.0500089547830528,-0.310631041053055,-0.803578106250185,-0.755834324121434,-0.702391240398815,0.10118686585137,0,0.144165675878566,0.030673898478961,1.38062055557076,1.50385135201755,1.64067037833455,0.260049822763787,0,1.25385135201755,0.0788714799763106,1.07662786977837
"73",-1.87386511534569,-1.81190788283216,-1.74993563025831,0.123929485087378,1,-0.0119078828321599,0.0376208807101001,0.117814475456663,0.155606606677656,0.193408714545224,0.0755942390885611,1,0.00560660667765608,0.0229478947303658,0.614950001396252,0.785214467166796,0.955544919029041,0.340594917632789,1,0.0852144671667961,0.103534582850115,0.379124449961334,0.514928041247941,0.717101637232695,0.337977187271361,0,-2.11665090612048,0.103877295921983,-0.499750938073616,0.999758129262276,0.999926273680985,0.999982918906062,0.000224789643785472,0,1.89992627368099,7.75964859900032e-05,1.23940282244735,1.29919631958109,1.36264828374238,0.123245461295025,0,1.04919631958109,0.037354329193034,1.26980430426109
"74",-1.89476029457915,-1.83398099243887,-1.77318977583321,0.121570518745941,1,-0.0339809924388663,0.0369048041353707,0.0981122422075748,0.135183468671976,0.172262680317488,0.0741504381099128,1,-0.0148165313280236,0.0225096223608017,0.57904239894586,0.750843703427471,0.922649355618251,0.343606956672391,1,0.0508437034274706,0.104455252700112,0.388140040322197,0.524816974809628,0.735148516502176,0.347008476179979,0,-2.10676197255879,0.106874634718047,-0.499747300771854,0.999759221151131,0.999927035217556,0.999983411621878,0.00022419047074651,0,1.89992703521756,7.74245121040556e-05,1.19232087614446,1.24993972921307,1.31089058555594,0.11856970941148,0,0.99993972921307,0.0359361684207678,1.2214033243031
"75",-1.93970908361399,-1.86088834059762,-1.7819703891786,0.157738694435398,1,-0.0608883405976191,0.0478843420758573,0.0677729464689944,0.116579972553092,0.165352150082621,0.0975792036136261,1,-0.0334200274469085,0.029622556424629,0.651863227318458,0.707473080997339,0.763163342498109,0.111300115179651,1,0.00747308099733912,0.0337872319019407,0.547853867634609,0.625237499540076,0.713569845211746,0.165715977577137,0,-2.00634144782835,0.0502978473040882,-0.185390930235836,-0.704852252363532,-0.633303432257491,-0.550283106383069,0.154569145980463,0,0.266696567742509,0.046993785822584,1.2946744210311,1.42457563962027,1.56831607974799,0.273641658716895,0,1.17457563962027,0.0829932342511001,0.928275272192073
"76",-1.89117488773875,-1.82070583977309,-1.75026885816331,0.14090602957544,1,-0.0207058397730855,0.0427752307612947,0.107295076497189,0.150514575170625,0.193729591057071,0.0864345145598813,1,0.00051457517062517,0.0262389444887873,0.745033296822898,0.790017240189981,0.834991467972872,0.0899581711499748,0,0.0900172401899806,0.0273088521460417,0.345764874293232,0.405096809360004,0.475324339980308,0.129559465687076,0,-2.22648213800842,0.0393630467999463,-0.398112567386666,-0.865150977012518,-0.830845758307806,-0.79075358031184,0.0743973967006782,0,0.0691542416921935,0.022607519890216,1.20857025102478,1.30159415104719,1.40346239480162,0.194892143776846,0,1.05159415104719,0.0590950714981051,0.991002492243712
"77",-1.90833446567831,-1.83387275011937,-1.75939838507821,0.148936080600103,1,-0.0338727501193674,0.0452125798475426,0.12725122244465,0.173033884277146,0.218770302424222,0.0915190799795713,1,0.0230338842771459,0.0277828928831992,0.78663876351308,0.83511695532346,0.883569886896481,0.0969311233834013,0,0.13511695532346,0.0294258938052259,0.392657606784356,0.45898459997437,0.537394803361108,0.144737196576752,0,-2.17259434739405,0.0439722631229958,-0.359166278390903,-0.832563766338918,-0.791411171277547,-0.740899104979313,0.0916646613596054,0,0.108588828722453,0.0278709217187014,1.30706959913157,1.41712763514539,1.53557752318971,0.228507924058134,0,1.16712763514539,0.0692749971464608,1.04740613883692
"78",-1.865667518893,-1.80319183407068,-1.74070547533025,0.124962043562745,1,-0.00319183407067913,0.0379343780712682,0.0712610565941911,0.109367108238295,0.147482192773826,0.0762211361796348,0,-0.0406328917617047,0.023138212697135,0.642443078361152,0.809277374000094,0.975998732425206,0.333555654064053,1,0.109277374000094,0.101391455437587,0.359471493232543,0.493120911293199,0.681623093914585,0.322151600682041,0,-2.13845803607522,0.0987233195717076,-0.499747811260414,0.99974426049956,0.999922585851503,0.999981984517134,0.000237724017574603,0,1.8999225858515,8.23038218572973e-05,1.26043891558358,1.32101433009524,1.38579248768929,0.125353572105713,0,1.07101433009524,0.0379960662195596,1.2914071507939
"79",-1.85793987573989,-1.79167410295386,-1.7253956811596,0.132544194580288,1,0.00832589704613906,0.0402360552956754,0.0991096493350221,0.139526259907369,0.17995399782082,0.0808443484857981,1,-0.0104737400926306,0.0245416498321302,0.525345321293076,0.708549272558395,0.89173381802037,0.366388496727295,1,0.00854927255839544,0.111375107990383,0.438376071564539,0.595739041451567,0.828439719819673,0.390063648255134,0,-2.03583990591685,0.119836819173366,-0.499674597753234,0.999726854653425,0.999916094853301,0.999980951204893,0.000254096551468352,0,1.8999160948533,8.73653257224707e-05,1.41718942385621,1.48539951698075,1.55815959218004,0.14097016832383,0,1.23539951698075,0.0427285693536477,1.45137397829244
"80",-1.89428465061864,-1.82294420723624,-1.75161733505408,0.142667315564562,1,-0.0229442072362414,0.0433098280402178,0.112873005098669,0.156798510815889,0.200722711873113,0.0878497067744437,1,0.00679851081588853,0.0266685706476442,0.624396064616366,0.671972231060742,0.719503802096648,0.0951077374802822,1,-0.0280277689392576,0.0288723251246778,0.478847752998498,0.552461714214966,0.636796829571494,0.157949076572996,0,-2.07911723315346,0.0479473252172848,-0.331574325099086,-0.833748177681487,-0.801759327693721,-0.765049032048159,0.0686991456333282,0,0.0982406723062789,0.0208806850343276,1.16504156426816,1.25597706151798,1.35454524157871,0.18950367731055,0,1.00597706151798,0.0574538573692779,0.892044264084898
"81",-1.86272297942121,-1.78913859525198,-1.71554326298214,0.147179716439075,1,0.0108614047480164,0.0446792382167698,0.105565179702225,0.150637996852246,0.1957296694254,0.0901644897231754,1,0.000637996852246137,0.0273710039551041,0.615343854341642,0.661875016872105,0.708458443123346,0.0931145887817034,1,-0.0381249831278951,0.0282663867081537,0.370244544847619,0.43152033498929,0.505314718099677,0.135070173252058,0,-2.20005861237913,0.0410543349020998,-0.398792383366699,-0.874907249088847,-0.845207227294498,-0.810412472780923,0.0644947763079244,0,0.0547927727055022,0.0196092391912297,1.34311440051634,1.43811561068135,1.54097255177179,0.197858151255451,0,1.18811561068135,0.0599845900865787,1.11003055999201
"82",-1.92893012051597,-1.85653463767141,-1.78408833602444,0.144841784491527,1,-0.0565346376714078,0.0439694442786131,0.0972308473529667,0.141888880671138,0.186584304657246,0.0893534573042798,1,-0.0081111193288618,0.0271247266053455,0.648196331850544,0.697165801758024,0.746185537652351,0.0979892058018071,1,-0.00283419824197584,0.0297464017203409,0.449429751267702,0.516538151557999,0.593949066776128,0.144519315508427,0,-2.11504079581042,0.0438757100201559,-0.307742843403,-0.792336287762105,-0.743424468659726,-0.68799839003172,0.104337897730385,0,0.156575531340274,0.0316611230585461,1.16680283308366,1.2701538772389,1.38454333858958,0.217740505505925,0,1.0201538772389,0.0660359743928155,0.883086591153407
"83",-1.83736713490442,-1.77532967827804,-1.71327972756701,0.124087407337412,1,0.0246703217219562,0.0376688528108729,0.114793075783208,0.152629349927744,0.190473856983285,0.0756807812000778,1,0.00262934992774355,0.0229741877599073,0.722759419779137,0.896224655358378,1.06961632241306,0.346856902633919,0,0.196224655358378,0.105456397411955,0.397716762139571,0.534673935633959,0.762024962454115,0.364308200314545,0,-2.09690501173446,0.112817746568034,-0.499730716567653,0.999748148050197,0.99992371929992,0.999983052683579,0.000234904633381827,0,1.89992371929992,8.10600378613705e-05,1.24262928325286,1.30204777910195,1.36628950017655,0.123660216923687,0,1.05204777910195,0.0374872395089555,1.27277276521124
"84",-1.76229977701259,-1.69257493610147,-1.62279018211671,0.139509594895876,0,0.107425063898531,0.0423504656591617,0.0885655453408614,0.131375235207863,0.174210263387389,0.0856447180465279,1,-0.0186247647921365,0.0259989311143822,0.513162587203619,0.558894227271526,0.604737564666757,0.0915749774631381,0,-0.141105772728474,0.0277984770042581,0.395085732170643,0.458381522577309,0.530637604539342,0.135551872368699,0,-2.17319742479111,0.0411470730417791,-0.365708753063087,-0.840851781533785,-0.805144374805078,-0.763946865635175,0.0769049158986101,0,0.0948556251949223,0.0233718926127834,1.1373597192133,1.22615114044959,1.32345242739664,0.186092708183337,0,0.97615114044959,0.0564276953362039,0.895449693238879
"85",-1.91352133012463,-1.84416721645054,-1.77478589146246,0.138735438662171,1,-0.0441672164505378,0.0421159068123179,0.128220981774978,0.170986622575023,0.213760895105465,0.085539913330487,1,0.0209866225750228,0.0259673110994667,0.669584137296478,0.717085951348476,0.764654091217202,0.0950699539207238,1,0.0170859513484761,0.0288599170643968,0.41474235050667,0.474766481118978,0.542315252794086,0.127572902287416,0,-2.15681246624944,0.0387111214566473,-0.298125486797574,-0.75815037072244,-0.71200014333237,-0.660530572293911,0.0976197984285294,0,0.18799985666763,0.0296443355598409,1.05713361667792,1.14493501127149,1.24154662363594,0.184413006958017,0,0.894935011271486,0.0559225636513908,0.781477643222016
"86",-1.93630131865764,-1.8639878143387,-1.79169528678566,0.144606031871974,1,-0.0639878143386994,0.0438984054280938,0.103402581585552,0.147727234493178,0.192065215921569,0.0886626343360167,1,-0.00227276550682232,0.026915196742592,0.551700273362107,0.59825401871388,0.644821265978009,0.0931209926159022,0,-0.10174598128612,0.0282688816832347,0.336165136762609,0.394363118188214,0.466423253265927,0.130258116503319,0,-2.23721582918021,0.0396265344032465,-0.382281464377652,-0.837554235248181,-0.794429355721667,-0.746240387402329,0.0913138478458513,0,0.105570644278333,0.0276987679561457,1.25346420873896,1.35538071949521,1.46936717709397,0.21590296835501,0,1.10538071949521,0.0654879073660104,1.02077310946312
"87",-1.91576920249976,-1.84410751680337,-1.77245083160804,0.143318370891717,1,-0.0441075168033711,0.0435076273586887,0.117039811298211,0.161402196478624,0.205776761769524,0.0887369504713127,1,0.0114021964786239,0.026937857503799,0.695803836941198,0.74655379451029,0.797287722846085,0.101483885904887,1,0.04655379451029,0.0308079077393785,0.512511346437249,0.579458845703512,0.656257652474962,0.143746306037713,0,-2.05212010166491,0.0436313748695943,-0.224573192497639,-0.724349854155337,-0.668534912905885,-0.606876818188821,0.117473035966516,0,0.231465087094116,0.0356399196710911,1.06894907306404,1.16746852620042,1.27663718755898,0.207688114494935,0,0.917468526200418,0.0629893473324795,0.75367616225831
"88",-1.84638141198789,-1.78557298947381,-1.72475181792676,0.121629594061127,1,0.0144270105261859,0.036922736968151,0.111097684016571,0.148187033560451,0.185285581916998,0.0741878979004277,1,-0.00181296643954934,0.0225209869829071,0.576318987321832,0.72328341479233,0.870215233133715,0.293896245811883,1,0.0232834147923304,0.0893518386757487,0.281903749170404,0.379513433224066,0.541222778535081,0.259319029364677,0,-2.25206551414436,0.08029445868218,-0.499731962626275,0.999646804706518,0.999894660703798,0.99997684780196,0.000330043095441823,0,1.8998946607038,0.000114432193277932,1.19427973302137,1.25116603499344,1.31321482207291,0.118935089051533,0,1.00116603499344,0.0360591191441402,1.22324509532022
"89",-1.99220511380257,-1.9114220098932,-1.83062965539769,0.161575458404873,0,-0.1114220098932,0.0490494456619154,0.0861071005493391,0.13558248673459,0.185102138453058,0.098995037903719,1,-0.0144175132654105,0.0300514656545203,0.707850233381985,0.758684018160554,0.809461619475776,0.10161138609379,0,0.0586840181605541,0.0308469325041976,0.419424092112107,0.496842555879188,0.589490173169689,0.170066081057582,0,-2.13473639148923,0.0516892353528154,-0.390057513636095,-0.882449802531155,-0.848755621094696,-0.809113182323042,0.0733366202081134,0,0.0512443789053038,0.0222709004456969,1.62145418815369,1.74628411194917,1.88382208915841,0.262367901004726,0,1.49628411194917,0.0795618424383465,1.36046951002734
"90",-1.80893604982421,-1.74683243976695,-1.68471586294588,0.124220186878328,1,0.0531675602330508,0.0377091496500399,0.144178865545672,0.182057845320189,0.219945124953256,0.0757662594075836,1,0.0320578453201887,0.0230001317756065,0.525984326934662,0.714098263564628,0.902184996168046,0.376200669233384,1,0.0140982635646282,0.114358273932569,0.464807924018656,0.632904379666179,0.878061905386582,0.413253981367925,0,-1.99867456770224,0.126863141051706,-0.499744667874476,0.999798265037315,0.999938576348919,0.999985436087952,0.000187171050636925,0,1.89993857634892,6.47821603391812e-05,1.24514802224492,1.30512999020595,1.36897032044329,0.123822298198376,0,1.05512999020595,0.0375301803726114,1.27558018615746
"91",-1.8489150241323,-1.78698750473265,-1.72504911695521,0.123865907177089,1,0.013012495267346,0.0376016201725339,0.127041873503265,0.164803466929494,0.202572714174443,0.0755308406711782,1,0.0148034669294939,0.022928671082915,0.45473822407491,0.647289191788722,0.839847815647771,0.38510959157286,1,-0.0527108082112782,0.117065867118066,0.488279670846117,0.663845409112852,0.920635868857152,0.432356198011035,0,-1.96773353825557,0.132746135953037,-0.499660011507379,0.999743892154417,0.999918720614351,0.999981006552584,0.000237114398167426,0,1.89991872061435,8.09337739527648e-05,1.23608523131162,1.29583446101719,1.35909408418163,0.123008852870009,0,1.04583446101719,0.0372818648195422,1.26512211765846
"92",-1.86288915478554,-1.80236397851378,-1.74182451631252,0.121064638473029,1,-0.00236397851377546,0.0367512131341974,0.0748764411757428,0.111789438693438,0.148710483676992,0.0738340425012497,0,-0.0382105613065618,0.0224135747192829,0.623253820181146,0.799706145255318,0.976284543503259,0.353030723322113,1,0.0997061452553176,0.107313214842709,0.408262474040752,0.555450654545409,0.771230683019142,0.36296820897839,0,-2.07612829282301,0.111457801683518,-0.499750437409849,0.999775326011078,0.999931312119299,0.999984079225289,0.00020875321421121,0,1.8999313121193,7.19803587581571e-05,1.18226909712288,1.23936694552944,1.29984009652335,0.117570999400477,0,0.98936694552944,0.0356338480453649,1.21109182509678
"93",-1.82754786953277,-1.76578433935566,-1.70400844767772,0.123539421855045,1,0.0342156606443369,0.0375024975131565,0.130140703511905,0.167808011944111,0.205482823130237,0.0753421196183323,1,0.0178080119441111,0.0228713845763135,0.500009114011271,0.672959324874514,0.845815188558927,0.345806074547657,1,-0.0270406751254862,0.105116707488767,0.389074114920618,0.532516042986826,0.736754165180367,0.347680050259749,0,-2.0990629043816,0.106598230386957,-0.499723925357677,0.999740749187854,0.999921279559206,0.999981374812624,0.000240625624769786,0,1.89992127955921,8.33467749465001e-05,1.23119302571344,1.29033453441249,1.35366828656709,0.122475260853651,0,1.04033453441249,0.0371241438733811,1.26099375346302
"94",-1.88054285394744,-1.80652869218489,-1.73240121540006,0.148141638547386,1,-0.00652869218488705,0.0449706693748767,0.0881161707634462,0.133789006681891,0.179431588011111,0.0913154172476649,1,-0.0162109933181087,0.0277210072035432,0.688919604755398,0.738871406500409,0.788933588703325,0.100013983947927,1,0.0388714065004088,0.0303604177275443,0.526797662378165,0.608145422059334,0.701049371724306,0.174251709346141,0,-2.02343352530909,0.0528931291868967,-0.303272215895567,-0.822503457635249,-0.7822843508273,-0.733603517488957,0.0888999401462913,0,0.1177156491727,0.0270176712755866,1.21930388435976,1.33131959516437,1.45344709613239,0.234143211772629,0,1.08131959516437,0.0709964358411463,0.927001158716029
"95",-1.87107469552232,-1.81173497212814,-1.75238040489539,0.118694290626926,1,-0.011734972128139,0.0360316431848311,0.0889748901987903,0.125169114131337,0.161372226371099,0.0723973361723087,1,-0.0248308858686627,0.0219774266555203,0.656379351297822,0.821207311844551,0.986101082769134,0.329721731471312,1,0.121207311844551,0.100235346857766,0.357680443588639,0.483212963182923,0.678629688477794,0.320949244889155,0,-2.1483659841855,0.0989253307044918,-0.499743369629542,0.999734418907783,0.99991925974896,0.999981389196991,0.000246970289207837,0,1.89991925974896,8.53260150626116e-05,1.13621567846687,1.19125966417692,1.24922806632531,0.113012387858439,0,0.94125966417692,0.0342505509821909,1.16372976923566
"96",-1.89497137996267,-1.83344190234955,-1.77190059560983,0.12307078435284,1,-0.0334419023495527,0.03736023992648,0.148025141521189,0.185557349778247,0.223098056869055,0.0750729153478654,1,0.0355573497782471,0.0227896538078446,0.622937180709568,0.774174733982949,0.925379109997552,0.302441929287984,1,0.0741747339829492,0.0919360701738744,0.295277774538987,0.40128015163572,0.559575077212199,0.264297302673213,0,-2.2302987957327,0.0812480755286476,-0.499772806388239,0.999716873887718,0.999913250069656,0.999980791395421,0.000263917507702605,0,1.89991325006966,9.07210565420742e-05,1.22288415147289,1.28174997311669,1.34448633937344,0.121602187900547,0,1.03174997311669,0.0368577445710582,1.25316566620803
"97",-1.90654075613276,-1.84359428018218,-1.78063404229975,0.125906713833012,1,-0.0435942801821827,0.038221119396043,0.152517822268076,0.190912299134064,0.229313772825016,0.0767959505569401,0,0.0409122991340642,0.0233127263389032,0.387416289622243,0.560639420930521,0.733839267358029,0.346422977735785,1,-0.139360579069479,0.105309391695663,0.392802733903747,0.53144364746633,0.743076852935859,0.350274119032112,0,-2.10013529990209,0.107823161934051,-0.499732170031221,0.999747984830643,0.999922491436728,0.999982806997352,0.000234822166708337,0,1.89992249143673,8.06313900920257e-05,1.27912079153701,1.3408039844758,1.40632697798195,0.127206186444945,0,1.0908039844758,0.0385551289758582,1.31031254810501
"98",-1.87680742008339,-1.81852250857571,-1.76022070966947,0.116586710413922,1,-0.0185225085757137,0.0353918439775662,0.121250584270459,0.15680076707616,0.192359270856691,0.0711086865862322,1,0.00680076707615981,0.021586248540347,0.603017398589603,0.767507118917253,0.932107820930392,0.329090422340788,1,0.0675071189172533,0.100028853024015,0.345851923329991,0.482979996199684,0.662314240152984,0.316462316822993,0,-2.14859895116874,0.096673218428738,-0.499778009235155,0.999770159964484,0.999929700659575,0.999983011372115,0.000212851407631387,0,1.89992970065958,7.37482373990324e-05,1.09707924872154,1.149667694706,1.20620439312327,0.109125144401728,0,0.899667694706002,0.033078888535314,1.123959329292
"99",-1.85326662343007,-1.78799998673961,-1.72271811393765,0.130548509492424,1,0.0120000132603897,0.0396302162578152,0.081989358708594,0.121801992344425,0.161621273119072,0.0796319144104776,1,-0.0281980076555748,0.0241736435104452,0.591313229325225,0.771157483960182,0.95112578171985,0.359812552394625,1,0.0711574839601816,0.109366746805404,0.411066865978204,0.577024529900969,0.790802337603769,0.379735471625565,0,-2.05455441746745,0.115950457283671,-0.499724578784348,0.999761315096028,0.999927688768744,0.99998237489985,0.000221059803822365,0,1.89992768876874,7.70772771672074e-05,1.37519721365923,1.44165695273305,1.51193153627775,0.136734322618525,0,1.19165695273305,0.0414413715701478,1.40904072070948
"100",-1.82382720930965,-1.76189527562943,-1.699947836054,0.123879373255643,1,0.038104724370575,0.0376056721159697,0.124571694716753,0.162346219356229,0.200129123843437,0.0755574291266835,1,0.012346219356229,0.0229367410224837,0.570706273869334,0.738849360426179,0.907076979700727,0.336370705831393,1,0.0388493604261791,0.102243678462259,0.36471613775616,0.501825886358205,0.691725897217792,0.327009759461632,0,-2.12975306101022,0.10012143732115,-0.499734290051692,0.999735221779811,0.999917678901229,0.999980959352299,0.000245737572487359,0,1.89991767890123,8.42468437052318e-05,1.23861666815896,1.29784488547009,1.36188106938549,0.12326440122653,0,1.04784488547009,0.0373672435794531,1.26871951098046
