"","intlower","int","inthigher","intwidth","intcoverage","intbias","intsd","x1lower","X1","x1higher","x1width","x1coverage","x1bias","x1sd","x2lower","X2","x2higher","x2width","x2coverage","x2bias","x2sd","sig2lower","sig2","sig2higher","sig2width","sig2coverage","sig2bias","sig2sd","philower","phi","phihigher","phiwidth","phicoverage","phibias","reslower","res","reshigher","reswidth","rescoverage","resbias","resd","sig0bias","RMSE"
"1",-2.07157918852281,-1.86459169853403,-1.65760420854524,0.41397497997757,1,-0.0645916985340262,0.105554498865408,-0.0105709970036859,0.0710160123979482,0.152603021799582,0.163174018803268,1,-0.0789839876020518,0.0416057796139438,0.620053611014267,0.865639727030487,1.11122584304671,0.491172232032438,1,0.165639727030487,0.12523809726761,0.480826514718925,0.724311883652205,1.0910956212689,0.610269106549973,1,0.2243119,0.151411884944684,0.473240694367099,0.508960314348273,0.543009119905768,0.0697684255386689,0,-0.391039685651727,6.53524227960489,7.03448670514137,7.57186973147727,1.03662745187238,0,5.71869722631579,0.264211936417,4.96226903341499,6.84676328446703
"2",-2.03410313731585,-1.83779452917145,-1.64148592102704,0.392617216288809,1,-0.0377945291714479,0.100108739696158,0.12060153301753,0.201007134992825,0.28141273696812,0.160811203950591,1,0.0510071349928251,0.0410033138859435,0.331892047582357,0.569720911938271,0.807549776294184,0.475657728711827,1,-0.130279088061729,0.121282240748838,0.441112020156073,0.677250441789234,1.03979973327734,0.598687713121268,1,0.1772504,0.148148587536278,0.450042048548005,0.486511907895627,0.521361607530434,0.0713195589824291,0,-0.413488092104373,6.07048231261367,6.52440517062141,7.01227030049671,0.941787987883046,0,5.20861572631579,0.240048352440428,4.73011870217328,6.35350243485893
"3",-2.13074623595251,-1.93332778890188,-1.73590934185125,0.394836894101264,1,-0.133327788901881,0.100674708632611,0.0694563879791269,0.148452304208375,0.227448220437623,0.157991832458496,1,-0.00154769579162484,0.040284436274114,0.641543152985969,0.885260981248604,1.12897880951124,0.48743565652527,1,0.185260981248604,0.124285352840511,0.45751329052476,0.716146836566411,1.1209866514169,0.663473360892141,1,0.2161468,0.163722685122148,0.464199767824582,0.500339514091211,0.534816080009817,0.0706163121852352,0,-0.399660485908789,6.01939400102995,6.47641132570402,6.96812729861686,0.948733297586912,0,5.16062182631579,0.241812360050374,4.60510889556842,6.29948741852479
"4",-2.06580605022196,-1.85777281694726,-1.64973958367256,0.416066466549399,1,-0.0577728169472627,0.106087781859914,-0.027849817895821,0.0491730034814912,0.126195824858803,0.154045642754624,0,-0.100826996518509,0.0392782448452441,0.242968612600827,0.503452221183977,0.763935829767128,0.520967217166301,1,-0.196547778816022,0.132835162009729,0.548377020954888,0.828847197072361,1.25276525062713,0.704388229672241,0,0.3288472,0.174683928583267,0.507699059897992,0.542668702730705,0.575853145455343,0.0681540855573511,0,-0.357331297269295,6.25555691718796,6.75244321430581,7.28879777868299,1.03324086149503,0,5.43665372631579,0.263330216777769,4.51392078745799,6.5900862401955
"5",-1.91361095293591,-1.71116116246862,-1.50871137200134,0.404899580934574,1,0.088838837531378,0.103240472065916,0.0719705025429076,0.151304148028264,0.230637793513621,0.158667290970713,1,0.0013041480282642,0.0404566633124855,0.248439701156986,0.533488013544991,0.818536325932995,0.570096624776009,1,-0.166511986455009,0.145362078491682,0.536603465157684,0.999782953915257,1.86276462945648,1.32616116429879,0,0.499783,0.317426113682857,0.476611993130078,0.512295614511266,0.546293912019041,0.0696819188889631,0,-0.387704385488734,6.21853937211279,6.69567208483927,7.20941397729928,0.990874605186489,0,5.37988252631579,0.252548682049827,4.6884143321978,6.52059701059657
"6",-2.01476557194151,-1.80825569814227,-1.60174582434303,0.413019747598472,1,-0.00825569814226945,0.105310935655184,0.096649032591369,0.182913262324818,0.269177492058267,0.172528459466898,1,0.0329132623248179,0.0439909558786281,0.428317401799844,0.674235368459302,0.920153335118761,0.491835933318917,1,-0.0257646315406975,0.125407326472463,0.466864665957144,0.719338457997639,1.10834649714511,0.641481831187966,1,0.2193385,0.158658356013335,0.437446234702906,0.47439530315493,0.509745221932877,0.0722989872299704,0,-0.42560469684507,6.82874479987509,7.33385651385735,7.87633056177933,1.04758576190424,0,6.01806702631579,0.267019493167883,5.43336546739554,7.14060690092653
"7",-1.87994132009189,-1.66126425073686,-1.44258718138182,0.437354138710067,1,0.138735749263143,0.111515669233813,0.107721941387483,0.190864288992453,0.274006636597423,0.16628469520994,1,0.040864288992453,0.0423989335607271,0.427846644623244,0.695897317008557,0.96394798939387,0.536101344770626,1,-0.00410268299144323,0.136694031101591,0.615818654360151,0.872031682194096,1.23484283784871,0.619024183488563,0,0.3720317,0.154776556458018,0.49318481472651,0.528782503351407,0.562612279019762,0.0694274642932524,0,-0.371217496648593,7.07005551051876,7.62506350571976,8.22364030660817,1.15358479608941,0,6.30927402631579,0.294007308852131,5.2430123588449,7.4128530413257
"8",-1.90857990968899,-1.69997082486053,-1.49136174003208,0.417218169656914,1,0.100029175139468,0.106381440777084,0.0713278111602118,0.152539759638869,0.233751708117527,0.162423896957315,1,0.00253975963886929,0.0414145150705121,0.378003984428634,0.709876585250047,1.04174918607146,0.663745201642827,1,0.00987658525004698,0.169240402252145,0.901568469504684,1.37263696868933,2.08983822254537,1.18826975304069,0,0.872637,0.294389098597913,0.48015910110405,0.515982493520283,0.550087598526637,0.0699284974225875,0,-0.384017506479717,6.56399097027126,7.07050434620142,7.61610305926232,1.05211208899107,0,5.75471452631579,0.268153861997767,4.93806762539224,6.87212837959922
"9",-2.00884518621728,-1.79078341423974,-1.57272164226219,0.436123543955088,1,0.0092165857602633,0.111201894684744,-0.0533348098827144,0.0294890051509002,0.112312820184515,0.165647630067229,0,-0.1205109948491,0.0422364959856661,0.345421228096873,0.626161591716223,0.906901955335572,0.561480727238699,1,-0.0738384082837773,0.143165214452035,0.620217788173656,0.963036065588142,1.49534321863695,0.875125430463298,0,0.4630361,0.21620565542993,0.493709565090104,0.529340916774935,0.563197933171684,0.0694883680815803,0,-0.370659083225065,7.02345205211528,7.5752142024839,8.17032276830754,1.14687071619226,0,6.25942472631579,0.292295730129368,5.20262549901924,7.33052497953944
"10",-2.12391669308851,-1.90322508123928,-1.68253346939006,0.441383223698445,1,-0.103225081239283,0.112542997133817,0.0957368660319525,0.182907579915473,0.270078293798994,0.174341427767042,1,0.0329075799154732,0.0444532228503927,0.193184506842167,0.464614565210665,0.736044623579164,0.542860116736997,1,-0.235385434789334,0.13841736903833,0.490582967805838,0.889547484390653,1.612968200924,1.12238523311816,1,0.3895475,0.270099933631007,0.470943308991968,0.507785881749934,0.542860156227326,0.0719168472353579,0,-0.392214118250066,7.43635110378178,8.00963015998601,8.62710412733628,1.1907530235545,0,6.69384072631579,0.303490063919417,5.69437507298282,7.72585171454695
"11",-2.11535815186179,-1.90382083176343,-1.69228351166507,0.423074640196719,1,-0.10382083176343,0.107874711730276,0.0288000911685634,0.107962382639832,0.187124674111101,0.158324582942537,1,-0.0420376173601679,0.0403692803161189,0.571344363477376,0.803057173194227,1.03476998291108,0.463425619433703,1,0.103057173194227,0.118163322390561,0.419205811009247,0.641770805778362,0.982500137958065,0.563294326948819,1,0.1417708,0.139446668606849,0.502191846061158,0.537102749908066,0.570265760472005,0.0680739144108465,0,-0.362897250091935,6.53052425951428,7.04526155142883,7.6005705446584,1.07004628514412,0,5.72947212631579,0.272714309676105,4.7628490147086,6.88047711550694
"12",-1.93976322824569,-1.73742316216173,-1.53508309607777,0.404680132167919,1,0.0625768378382741,0.10318451746549,0.0830277264899918,0.161837969964789,0.240648213439587,0.157620486949595,1,0.0118379699647894,0.0401897513511264,0.481127508635846,0.790087497839807,1.09904748704377,0.617919978407922,1,0.0900874978398069,0.157555979985326,0.815498099867875,1.18519288530291,1.72248368892609,0.906985589058218,0,0.685193,0.226074690631068,0.479324499724587,0.515701655646134,0.550309884499638,0.0709853847750513,0,-0.384298344353866,6.17493382148807,6.65492471951798,7.17222634327418,0.997292521786112,0,5.33913552631579,0.254178568916651,4.63505969084615,6.40511584862076
"13",-2.05167647717384,-1.84700469720849,-1.64233291724313,0.409343559930713,1,-0.0470046972084872,0.104373588796621,0.0711391894660975,0.14840108813133,0.225662986796562,0.154523797330465,1,-0.00159891186867001,0.0394001637269982,0.369478756528051,0.652592039791106,0.935705323054161,0.566226566526111,1,-0.0474079602088939,0.144375298906186,0.636472767984704,0.98842791732826,1.53500636146205,0.898533593477349,0,0.4884279,0.221983851808243,0.497012416067026,0.532616843026142,0.566430912795068,0.0694184967280422,0,-0.367383156973858,6.15424673260883,6.6393577470031,7.1627078354078,1.00846110279898,0,5.32356822631579,0.25701854564348,4.50590005031967,6.44254485261564
"14",-2.06214803438155,-1.84571225976227,-1.62927648514298,0.432871549238561,1,-0.0457122597622652,0.110372707682587,0.123255083168209,0.208057658037461,0.292860232906713,0.169605149738504,1,0.0580576580374614,0.0432455763065929,0.643399977073542,0.887845765198962,1.13229155332438,0.488891576250839,1,0.187845765198962,0.12465658029254,0.468852599159937,0.712261293728938,1.08203762003965,0.613185020879708,1,0.2122613,0.151960250012914,0.475861208211581,0.512311505980908,0.547004976087723,0.071143767876142,0,-0.387688494019092,7.10528022012512,7.65525724379023,8.24780468230016,1.14252446217504,0,6.33946772631579,0.291195840700437,5.39603482352298,7.40409343609547
"15",-2.05823783511934,-1.84804455701826,-1.63785127891718,0.420386556202164,1,-0.0480445570182588,0.107189309537688,0.125916434795538,0.205026930461529,0.28413742612752,0.158220991331981,1,0.0550269304615291,0.0403428667378405,0.584394846020345,0.900068336935232,1.21574182785012,0.631346981829775,1,0.200068336935232,0.160979570023387,0.812472302258842,1.23930787705521,1.89038322889409,1.07791092663525,0,0.739308,0.266978704750521,0.498624167966114,0.534200996546903,0.567981098275908,0.0693569303097946,0,-0.365799003453097,6.47289057225578,6.98463354043423,7.53683461037675,1.06394403812098,0,5.66884452631579,0.27115755582853,4.74142407326667,6.8151274112945
"16",-2.04120730827966,-1.80286167600239,-1.56451604372512,0.476691264554541,1,-0.00286167600239295,0.121545769617039,0.0120728863953069,0.100317122217547,0.188561358039788,0.176488471644481,1,-0.0496828777824528,0.0450006717337464,0.316048636363506,0.628446076286442,0.940843516209377,0.624794879845871,1,-0.0715539237135584,0.159308928378659,0.782402982756743,1.19883581040931,1.83691439321441,1.05451141045767,0,0.698836,0.261018433563025,0.50719393807455,0.542690317327697,0.576348597591254,0.0691546595167041,0,-0.357309682672303,8.20652066082698,8.86276656030572,9.57149008073757,1.36496941991059,0,7.54697752631579,0.34786965378343,6.00256884771814,8.6050002163989
"17",-2.04355703738688,-1.8406274219236,-1.63769780646031,0.40585923092657,1,-0.0406274219235974,0.103485161670097,0.0523969323874929,0.131387661240429,0.210378390093366,0.157981457705873,1,-0.0186123387595708,0.0402817909407798,0.415516664352318,0.691914908117112,0.968313151881905,0.552796487529587,1,-0.00808509188288842,0.140950924664347,0.603545837844502,0.937137867657691,1.4551129805393,0.8515671426948,0,0.4371379,0.21038577932513,0.480595762534289,0.516022368513885,0.549767433569931,0.0691716710356421,0,-0.383977631486115,6.21364250278888,6.69153669807921,7.20618596284605,0.992543460057179,0,5.37574722631579,0.252972970285056,4.65972043157369,6.53466722162174
"18",-1.96091771261706,-1.75119618111614,-1.54147464961522,0.419443063001837,1,0.048803818883862,0.106948739559404,0.048285791510353,0.131894022653765,0.215502253797178,0.167216462286825,1,-0.0181059773462347,0.0426365136358928,0.455526223915472,0.760914136455413,1.06630204899535,0.610775825079881,1,0.0609141364554128,0.155734378292393,0.806470559236495,1.1496385703765,1.63883086290042,0.832360303663925,0,0.649639,0.207956717720691,0.466253131194359,0.502526021083267,0.537112050938667,0.0708589197443083,0,-0.397473978916733,6.76934176234952,7.2849153026226,7.83975648290585,1.07041472055633,0,5.96912552631579,0.272824941580281,5.19523791766195,7.0686733045785
"19",-2.01800153845963,-1.820861087214,-1.62372063596836,0.394280902491271,1,-0.0208610872139992,0.100532943022116,0.0949682810415421,0.174088822685747,0.253209364329953,0.15824108328841,1,0.0240888226857473,0.0403479897440479,0.650916347335848,0.912432848823516,1.17394935031119,0.523033002975337,1,0.212432848823517,0.133361891875983,0.532967078225352,0.832864022468296,1.30151093428096,0.768543856055607,0,0.332864,0.1896970778594,0.462017560888844,0.498620217556333,0.533527110736652,0.0715095498478086,0,-0.401379782443667,6.01508350637038,6.47271271986421,6.96515849023896,0.950074983868582,0,5.15692352631579,0.242153470269396,4.61345336301193,6.25430833076335
"20",-2.1177815311514,-1.89825135311001,-1.67872117506862,0.43906035608278,1,-0.0982513531100142,0.111950717071105,0.0310352111294268,0.116516812170819,0.201998413212211,0.170963202082784,1,-0.0334831878291812,0.0435918497326854,0.220593470730312,0.541231949429295,0.861870428128278,0.641276957397966,1,-0.158768050570705,0.163511495008088,0.84009295812819,1.27093265587435,1.92272747930992,1.08263452118173,0,0.770933,0.268452971907606,0.479708311622371,0.515849224566889,0.550242739562232,0.0705344279398611,0,-0.384150775433111,7.26980395863056,7.83241494422488,8.43856646033593,1.16876250170536,0,6.51662552631579,0.297883239584199,5.49820605941227,7.64930569577488
"21",-1.90732106139576,-1.71259335275473,-1.51786564411369,0.389455417282066,1,0.087406647245275,0.0993025506127306,0.0240058193018054,0.100126895462025,0.176247971622244,0.152242152320439,1,-0.0498731045379754,0.0388183945204748,0.303073421620985,0.557441170228854,0.811808918836723,0.508735497215738,1,-0.142558829771146,0.129716342921403,0.510975859031465,0.789120667767344,1.21867093580097,0.707695076769501,0,0.2891207,0.174977396958426,0.477757244472551,0.513646787712792,0.547824619040235,0.0700673745676842,0,-0.386353212287208,5.74072416265676,6.18319677290286,6.65977344480926,0.919049282152498,0,4.86740732631579,0.234240365732467,4.30186529937258,6.00678153298667
"22",-2.13855451082763,-1.94074244636507,-1.7429303819025,0.395624128925125,1,-0.140742446365065,0.100875436167707,0.0904605677156017,0.167093081524596,0.243725595333591,0.153265027617989,1,0.0170930815245963,0.0390792051845411,0.67511451550657,0.914105028818149,1.15309554212973,0.477981026623159,1,0.214105028818149,0.121874630527464,0.443921979380313,0.689806092517609,1.07188305012211,0.627961070741792,1,0.1898061,0.155125356305271,0.482036028867409,0.518622301807236,0.553403053598714,0.0713670247313047,0,-0.381377698192764,5.87586177231816,6.33525626416589,6.83056775122516,0.954705978906995,0,5.01946682631579,0.243322048021702,4.38126816583356,6.11006043568921
"23",-2.14862109232579,-1.9431976484598,-1.73777420459381,0.410846887731982,1,-0.1431976484598,0.104756904263421,0.0157353961010529,0.0970791864404746,0.178422976779896,0.162687580678843,1,-0.0529208135595254,0.0414817486098105,0.75090422089628,1.06566944098821,1.38043466108013,0.629530440183854,0,0.365669440988207,0.16051639192718,0.842036588958635,1.22860777237609,1.79265019850235,0.950613609543714,0,0.728608,0.236833197397658,0.470720053221186,0.506408696459385,0.540442843599714,0.0697227903785285,0,-0.393591303540615,6.45959392885246,6.95111570856897,7.48003823864171,1.02044430978925,0,5.63532652631579,0.260089014730858,4.91850391550371,6.79546789870443
"24",-2.00657244308038,-1.78939721054696,-1.57222197801355,0.434350465066827,1,0.0106027894530385,0.110749798634134,0.0556549087775339,0.140017959611479,0.224381010445424,0.16872610166789,1,-0.00998204038852105,0.0430214384164786,0.28764527737978,0.566396687961311,0.845148098542843,0.557502821163062,1,-0.133603312038688,0.142150936047165,0.638353461698248,0.946244060997655,1.4026364337264,0.764282972028152,0,0.4462441,0.19002879539472,0.481644173582534,0.517139797876967,0.550941459585091,0.0692972860025572,0,-0.382860202123033,7.10429436462227,7.65213988329361,8.24223234401494,1.13793797939267,0,6.33635042631579,0.290028812649519,5.35570080420842,7.45293476371034
"25",-2.17945142396104,-1.95349874434411,-1.72754606472718,0.451905359233854,1,-0.153498744344112,0.115225909863215,0.077148794225955,0.161879219087022,0.246609643948089,0.169460849722134,1,0.0118792190870221,0.0432087829817522,0.557576519329448,0.84827876895495,1.13898101858045,0.581404499251004,1,0.14827876895495,0.148245337338644,0.757639663734081,1.03418249603062,1.4116650517277,0.654025387993622,0,0.534182,0.164184046870129,0.499976815857069,0.536086081387543,0.570334662140141,0.0703578462830716,0,-0.363913918612457,7.45399986877604,8.04898874690288,8.69147048407544,1.2374706152994,0,6.73319952631579,0.315376995500962,5.48580384196533,7.72588603056935
"26",-2.14931556921762,-1.95678043233219,-1.76424529544675,0.385070273770869,1,-0.156780432332186,0.0981844356343751,0.0984621369374639,0.174545985001872,0.25062983306628,0.152167696128816,1,0.0245459850018721,0.0387994098320897,0.539870117812537,0.781316009809233,1.02276190180593,0.482891783993392,1,0.0813160098092331,0.123126765459128,0.466883119083148,0.705878286435906,1.06721390192939,0.600330782846243,1,0.2058783,0.148872422168263,0.471216587098744,0.507532729955796,0.542130950928645,0.070914363829901,0,-0.392467270044204,5.66337203592035,6.09821033801115,6.56643587791114,0.903063841990787,0,4.78242082631579,0.230167675540561,4.27737552882206,5.9108526132234
"27",-1.9016919833243,-1.68957335465282,-1.47745472598134,0.424237257342965,1,0.11042664534718,0.108171153486856,0.0706618322851467,0.149989522889527,0.229317213493907,0.158655381208761,1,-1.04771104730006e-05,0.040453626585593,0.342112463803912,0.632804716975221,0.92349697014653,0.581384506342618,1,-0.0671952830247791,0.148240239587505,0.77710768885183,1.04206591123732,1.39736278374401,0.620255094892181,0,0.542066,0.1559839377503,0.501841924160193,0.537513280057918,0.571359357956341,0.0695174337961486,0,-0.362486719942082,6.5554163779433,7.07713856358195,7.64038275534418,1.08496637740089,0,5.76134952631579,0.276511890501525,4.78240827585613,6.86208923901679
"28",-1.92516574580599,-1.70215544569386,-1.47914514558173,0.446020600224265,1,0.0978445543061388,0.113725425973501,0.0782173346690033,0.162983770977628,0.247750207286252,0.169532872617249,1,0.0129837709776276,0.0432271472331402,0.347291844037662,0.703211418641959,1.05913099324626,0.711839149208593,1,0.00321141864195884,0.181503299236979,1.06278136550833,1.5823817805708,2.35601806801042,1.2932367025021,0,1.082382,0.321360006843281,0.493245761384206,0.528991351592936,0.56295348695656,0.069707725572354,0,-0.371008648407064,7.34788389080341,7.92525679482469,8.54799779056489,1.20011389976148,0,6.60946752631579,0.305865365611504,5.45751767148807,7.69920124534819
"29",-1.93995954101375,-1.74854809935231,-1.55713665769086,0.382822883322888,1,0.0514519006476915,0.0976114005864492,0.145976908645173,0.222116492972173,0.298256077299173,0.152279168654,1,0.0721164929721729,0.0388278328699594,0.551479291446435,0.79167217429141,1.03186505713639,0.48038576568995,1,0.0916721742914105,0.122487786006355,0.465402314103296,0.697952513715362,1.04670238337808,0.581300069274782,1,0.1979525,0.144311044765143,0.467485204717334,0.503768492922379,0.538357295657539,0.0708720909402047,0,-0.396231507077621,5.62949566758877,6.05920485185532,6.52171448467824,0.892218817089476,0,4.74341542631579,0.22740589014488,4.27148355418498,5.87935598435167
"30",-2.00319342147231,-1.78865289438426,-1.57411236729622,0.429081054176097,1,0.0113471056157362,0.109406214956886,0.114364028754408,0.198809299920938,0.283254571087467,0.16889054233306,1,0.0488092999209377,0.0430633671630081,0.4055240608429,0.648816617756916,0.892109174670932,0.486585113828032,1,-0.0511833822430838,0.124068483192555,0.454996810220236,0.705487931361975,1.09388288031401,0.638886070093776,1,0.2054879,0.15787355502939,0.473141670558365,0.509740709980123,0.544583316973609,0.0714416464152436,0,-0.390259290019877,7.0077491770936,7.54948506474916,8.13309998724993,1.12535081015633,0,6.23369562631579,0.286819435060258,5.33786017419266,7.28101812410779
"31",-2.08549666094396,-1.88034572298805,-1.67519478503214,0.410301875911815,1,-0.0803457229880511,0.104617938257416,0.0525633434091596,0.135022508294875,0.217481673180591,0.164918329771432,1,-0.0149774917051246,0.0420505404787669,0.608415513221496,0.922928131169624,1.23744074911775,0.629025235896255,1,0.222928131169624,0.160387575964909,0.829377272611306,1.22488608531086,1.80900293694365,0.979625664332345,0,0.724886,0.243686803939459,0.46114602766935,0.49777301561873,0.532706603034435,0.0715605753650846,0,-0.40222698438127,6.52105439092487,7.01620575824997,7.54895455412974,1.02790016320487,0,5.70041652631579,0.26199030363222,5.02774468458873,6.8071095475771
"32",-2.17883331459899,-1.97313923900223,-1.76744516340547,0.41138815119352,1,-0.173139239002228,0.104894914520562,0.0617746889500841,0.143123138738344,0.224471588526604,0.16269689957652,1,-0.00687686126165585,0.0414841247233967,0.748610196233728,1.04536222345292,1.34211425067211,0.593504054438385,0,0.34536222345292,0.151330457324319,0.653005057782827,1.08539145887031,1.80408192087912,1.15107686309629,0,0.585391,0.28138244975634,0.4711998287611,0.507114555014646,0.541350483125569,0.0701506543644695,0,-0.392885444985354,6.46912265170307,6.96299628549197,7.49457382122925,1.02545116952618,0,5.64720652631579,0.261363659423181,4.92235593666735,6.77534927044452
"33",-1.96554670152185,-1.75060838943634,-1.53567007735082,0.429876624171023,1,0.0493916105636649,0.109609067776956,0.0720806523612271,0.154002468764561,0.235924285167894,0.163843632806667,1,0.00400246876456059,0.0417765164313376,0.540228483661879,0.828076991224077,1.11592549878627,0.575697015124395,1,0.128076991224077,0.146790054638228,0.729028915058425,1.01690911975323,1.41846795988114,0.689439044822712,0,0.516909,0.17267519014497,0.491745986208112,0.527493515585612,0.561465906954332,0.0697199207462194,0,-0.372506484414388,6.84383994534211,7.38010557334591,7.95839159137564,1.11455164603353,0,6.06431652631579,0.284060114586844,5.07659586725432,7.18264765969674
"34",-1.98720621712334,-1.78341226893435,-1.57961832074536,0.407587896377979,1,0.0165877310656477,0.103925933272862,0.0691852253677658,0.150130075998137,0.231074926628508,0.161889701260742,1,0.000130075998136997,0.0412783069377142,0.429838230381623,0.761964124813852,1.09409001924608,0.664251788864459,1,0.0619641248138525,0.169369570832125,0.917450200227856,1.37519904618613,2.06133522687288,1.14388502664502,0,0.875199,0.283994668537089,0.468233072101841,0.50467622101501,0.539405332989932,0.071172260888091,0,-0.39532377898499,6.36984402316089,6.85749571865184,7.38248022405942,1.01263620089854,0,5.54170652631579,0.258096167763177,4.86090487993468,6.64386429616285
"35",-2.07132904927061,-1.84966305480969,-1.62799706034878,0.443331988921831,1,-0.049663054809691,0.113039889329022,0.00557345176712273,0.0882153891342205,0.170857326501318,0.165283874734196,1,-0.0617846108657795,0.0421437463902918,0.43558420762202,0.693438387435234,0.951292567248447,0.515708359626427,1,-0.00656161256476617,0.13149426920443,0.545858899121411,0.803082650808934,1.18151732081014,0.635658421688734,0,0.3030827,0.158200814570574,0.503816735196904,0.539072313563011,0.57253492266207,0.068718187465166,0,-0.360927686436989,7.14492993582782,7.71129762565846,8.32256041774554,1.17763048191772,0,6.39550812631579,0.300130290103159,5.22040254297161,7.48267139329866
"36",-1.9713282443569,-1.76167893514159,-1.55202962592627,0.419298618430624,1,0.0383210648584147,0.106911909376263,0.0353945522321673,0.114874403110968,0.194354253989769,0.158959701757601,1,-0.035125596889032,0.0405312216205129,0.371020305085219,0.676162795406666,0.981305285728113,0.610284980642894,1,-0.0238372045933339,0.15560922377564,0.657099285868047,1.15377783621197,2.0258784691501,1.36877918328205,0,0.653778,0.331400390750382,0.494550329758305,0.53036531562986,0.564382219871851,0.0698318901135468,0,-0.36963468437014,6.47884363859299,6.99000052418487,7.54148580420375,1.06264216561077,0,5.67421152631579,0.270826796580268,4.77380201623074,6.7662898359358
"37",-1.99058589463192,-1.80481965182084,-1.61905340900976,0.371532485622164,1,-0.00481965182084254,0.0947325979318645,0.0421802713651934,0.116338822416507,0.19049737346782,0.148317102102627,1,-0.0336611775834931,0.0378175931947881,0.456212375500781,0.719728251694762,0.983244127888744,0.527031752387963,1,0.0197282516947621,0.134381484872548,0.482686740782133,0.853346023856027,1.50863774557167,1.02595100478953,1,0.353346,0.248083239764369,0.465496433453202,0.501737896133943,0.536299567409739,0.0708031339565366,0,-0.398262103866057,5.31733477349055,5.7221777864724,6.15784411078256,0.84050933729201,0,4.40638852631579,0.214227294240386,4.03167166637929,5.57405506626547
"38",-1.98271477712728,-1.79688326992949,-1.6110517627317,0.371663014395583,1,0.00311673007051261,0.0947658798931719,0.0743416158976528,0.14877455057444,0.223207485251227,0.148865869353574,1,-0.00122544942555994,0.0379575167528994,0.297329092320633,0.535018294271703,0.772707496222772,0.475378403902139,1,-0.164981705728297,0.121211019076676,0.449888636783443,0.68469986125883,1.04206655086852,0.592177914085073,1,0.1846999,0.146717284547989,0.463545019583422,0.499775213096063,0.534337079634873,0.0707920600514505,0,-0.400224786903937,5.33752711968418,5.74261116030914,6.17843847891463,0.840911359230447,0,4.42682172631579,0.214330941801288,4.05824897362289,5.5929875182944
"39",-1.93919714313841,-1.74314761704988,-1.54709809096134,0.392099052177075,1,0.0568523829501226,0.099976619264273,0.0611558706741001,0.141027733422209,0.220899596170318,0.159743725496218,1,-0.0089722665777909,0.0407311303996202,0.484771460726238,0.795633334484091,1.10649520824194,0.621723747515707,1,0.0956333344840913,0.158525857300119,0.831093387987786,1.19897063245547,1.72968597544877,0.898592587460981,0,0.698971,0.224185013369736,0.453486742051284,0.489784598145324,0.524460399322229,0.0709736572709448,0,-0.410215401854676,6.02494487350495,6.4765341971193,6.9619716175186,0.937026744013654,0,5.16074452631579,0.238833828474329,4.67288504238881,6.31046014420097
"40",-2.13801320690629,-1.92417620002878,-1.71033919315127,0.427674013755015,1,-0.124176200028782,0.109047450650554,0.118908227762939,0.198554524213382,0.278200820663826,0.159292592900887,1,0.0485545242133823,0.0406161015275261,0.501791330616384,0.827046704010787,1.15230207740519,0.650510746788807,1,0.127046704010787,0.165865907856497,0.873840788114666,1.31839413439876,1.98910730336494,1.11526651525027,0,0.818394,0.276646896676511,0.503971871730179,0.539640647605343,0.573471933330336,0.0695000616001572,0,-0.360359352394657,6.63805187231173,7.16738926005202,7.73893753668706,1.10088566437533,0,5.85159952631579,0.280568002859645,4.83015910991799,6.97661364787003
"41",-2.05718664488715,-1.86370950980903,-1.6702323747309,0.386954270156254,1,-0.0637095098090259,0.0986648132029284,0.029367124711362,0.106675153702612,0.183983182693862,0.1546160579825,1,-0.0433248462973882,0.0394236881605064,0.400932178927041,0.679940436411898,0.958948693896754,0.558016514969714,1,-0.0200595635881023,0.142281916649747,0.73489891328989,0.958328106982801,1.24968583301057,0.514786919720678,0,0.4583281,0.129795827811622,0.465083734978131,0.501207519778584,0.535664965892209,0.0705812309140778,0,-0.398792480221416,5.77308578631519,6.21150258876652,6.68321342144467,0.91012763512948,0,4.89571312631579,0.231972489383444,4.40111738073889,6.04337439105318
"42",-1.90803579298634,-1.70565172089445,-1.50326764880256,0.404768144183789,1,0.0943482791055499,0.103206958590386,0.0349777051442398,0.115836801302509,0.196695897460778,0.161718192316539,1,-0.0341631986974909,0.0412345759357649,0.266755377448163,0.499451109596727,0.732146841745291,0.465391464297129,1,-0.200548890403273,0.118664569517664,0.419245288234382,0.645224418948949,0.993009492274282,0.5737642040399,1,0.1452244,0.141932896901379,0.464880691969385,0.501204956300763,0.535844779907382,0.0709640879379968,0,-0.398795043699237,6.31810947151258,6.79908091925576,7.31666672681453,0.998557255301955,0,5.48329142631579,0.254510284413681,4.84110820791074,6.61412306978815
"43",-2.0455761953167,-1.82096325140171,-1.59635030748673,0.449225887829976,1,-0.020963251401714,0.114542703691489,0.0437300612420845,0.126834029138657,0.209937997035229,0.166207935793145,1,-0.0231659708613431,0.0423793616006693,0.557950525336963,0.823959420475502,1.08996831561404,0.532017790277078,1,0.123959420475502,0.135652814677885,0.393768311691888,0.857932409147053,1.86924137064844,1.47547305895655,1,0.3579324,0.340886720176783,0.506753637377194,0.543004693122362,0.577338839811427,0.0705852024342329,0,-0.356995306877638,7.2796171417703,7.86802286938916,8.50398896914739,1.2243718273771,0,6.55223342631579,0.312031195239845,5.29810411458928,7.55505321783254
"44",-1.99092641547441,-1.79729091523255,-1.60365541499069,0.387271000483723,1,0.00270908476745246,0.0987455724579766,0.106359490331723,0.184228281867011,0.2620970734023,0.155737583070578,1,0.0342282818670114,0.0397096523476257,0.204732428862672,0.505476380157418,0.806220331452164,0.601487902589491,1,-0.194523619842582,0.153366162696303,0.714427230492475,1.12136978303527,1.76010954878883,1.04568231829636,0,0.62137,0.257934145605683,0.461001908994331,0.49748811091092,0.532295128221941,0.0712932192276097,0,-0.40251188908908,5.81169801600396,6.25299136563468,6.72779296361073,0.916094947606771,0,4.93720152631579,0.233493483212129,4.45541061607757,6.05676775976653
"45",-2.07195986799933,-1.85008128289578,-1.62820269779222,0.443757170207107,1,-0.0500812828957784,0.113148301188832,0.116600925458487,0.203402431186992,0.290203936915496,0.173603011457009,1,0.0534024311869916,0.044264942960715,0.298699602578054,0.629691271933555,0.960682941289055,0.661983338711002,1,-0.0703087280664454,0.168791166023307,0.91322926240467,1.35659522069398,2.01521202678485,1.10198276438018,0,0.856595,0.273917089836617,0.477389157252424,0.513246255622934,0.547396838859472,0.0700076816070483,0,-0.386753744377066,7.45719155336563,8.0309321748076,8.64881519199426,1.19162363862864,0,6.71514252631579,0.303713030130657,5.66541008810294,7.81269448474496
"46",-1.92865472590147,-1.72404671419201,-1.51943870248255,0.40921602341892,1,0.0759532858079868,0.104341069796101,0.0845995958907362,0.164813732537599,0.245027869184462,0.160428273293725,1,0.0148137325375989,0.0409056750054783,0.317195207562378,0.62156750663297,0.925939805703561,0.608744598141183,1,-0.0784324933670302,0.155216460176647,0.767489431853924,1.14659875554798,1.7129730412684,0.945483609414479,0,0.646599,0.234840917701364,0.476261596841349,0.512064087314096,0.546171523377764,0.0699099265364156,0,-0.387935912685904,6.35322267134526,6.84102046400172,7.36627116816933,1.01304849682407,0,5.52523052631579,0.258199933865217,4.79723868028285,6.67512491525351
"47",-1.96660847245232,-1.76647764556513,-1.56634681867794,0.400261653774376,1,0.0335223544348684,0.102057902826598,0.0114774600482978,0.0862313076265462,0.160985155204795,0.149507695156497,1,-0.0637686923734538,0.0381211681914237,0.485718221713826,0.7965884483814,1.10745867504897,0.621740453335149,1,0.0965884483814003,0.158530116916,0.817563594335681,1.20621240743404,1.77961492161361,0.962051327277925,0,0.706212,0.239346354255431,0.502951741401715,0.538169713714845,0.57160360780015,0.0686518663984348,0,-0.361830286285155,5.83092015971975,6.2925103899278,6.79064125776889,0.959721098049138,0,4.97672052631579,0.244594628322943,4.2200314667518,6.13347304261039
"48",-1.99470860844063,-1.79299059412086,-1.59127257980109,0.403436028639546,1,0.00700940587913856,0.102867298476842,0.0218341811632811,0.105103948178798,0.188373715194314,0.166539534031033,1,-0.0448960518212022,0.0424639118452925,0.513806757857629,0.768469237604783,1.02313171735194,0.509324959494309,1,0.0684692376047832,0.129866642814932,0.5280403067652,0.780801086846859,1.15455265329267,0.626512346527467,0,0.2808011,0.155823594606539,0.445186519562212,0.481760152167355,0.51672905376168,0.0715425341994674,0,-0.418239847832645,6.45128212908572,6.93118949994568,7.44679691926072,0.995514790174998,0,5.61540002631579,0.253744734084758,5.07251001514276,6.74539285505671
"49",-2.0275104185543,-1.82434194918493,-1.62117347981557,0.406336938738724,1,-0.0243419491849339,0.103606966636954,0.0844764270710888,0.162959246290476,0.241442065509864,0.156965638438775,1,0.0129592462904764,0.040022779409015,0.375490828603538,0.643021358672111,0.910551888740683,0.535061060137145,1,-0.056978641327889,0.136428781440439,0.614352787744542,0.875155922554904,1.24667439305476,0.632321605310215,0,0.3751559,0.157992092282316,0.483924574720959,0.520215807764303,0.554720776486156,0.0707962017651976,0,-0.379784192235697,6.18287082966873,6.66643090755686,7.18781004318838,1.00493921351965,0,5.35064142631579,0.256124632457498,4.61233145991403,6.43769827628374
"50",-1.9656859327368,-1.75246834386702,-1.53925075499724,0.426435177739557,1,0.0475316561329773,0.108731574761641,0.116351190894043,0.198052449100619,0.279753707307195,0.163402516413151,1,0.0480524491006189,0.0416640414700214,0.566645909003222,0.849272506914656,1.13189910482609,0.565253195822869,1,0.149272506914656,0.144127110822944,0.630175533033667,0.978502108568207,1.51936456793741,0.889189034903747,0,0.4785021,0.219680025224148,0.489150724744012,0.524616623353823,0.558350533277393,0.0691998085333813,0,-0.375383376646177,6.76749433649735,7.29413037032631,7.86174841290722,1.09425407640987,0,5.97834092631579,0.278890469133433,5.03662085563784,7.09594637863147
"51",-1.97168706319449,-1.76454354352196,-1.55740002384943,0.414287039345059,1,0.0354564564780389,0.105634067128575,0.0732744658558766,0.152510499961277,0.231746534066677,0.158472068210801,1,0.00251049996127706,0.0404068858100123,0.383272769598559,0.648445186677336,0.913617603756112,0.530344834157553,1,-0.0515548133226644,0.135226247727318,0.559686555516965,0.857766021466795,1.31459750163799,0.754910946121025,0,0.357766,0.186853956178429,0.490017938847006,0.525544664913421,0.55932844932329,0.0693105104762834,0,-0.374455335086579,6.37758830365964,6.87518491966679,7.41160536381594,1.0340170601563,0,5.55939552631579,0.263536726243377,4.72627818913861,6.69017912017554
"52",-1.9348643487973,-1.73288001677041,-1.53089568474352,0.403968664053779,1,0.0671199832295861,0.103003108772021,0.0612229333213545,0.140214192695978,0.219205452070602,0.157982518749248,1,-0.00978580730402157,0.0402820614834628,0.312384465421281,0.547372008676446,0.78235955193161,0.469975086510329,1,-0.152627991323554,0.119833292191988,0.425982830861736,0.661847613590978,1.02830966856092,0.602326837699179,1,0.1618476,0.148795632666779,0.477102876847713,0.513376138627493,0.547903285981079,0.0708004091333653,0,-0.386623861372507,6.17921226023011,6.65649297860156,7.1706387332488,0.991426473018687,0,5.34070352631579,0.252686368833967,4.65214058991199,6.47201444626436
"53",-1.85998129958023,-1.6636492729852,-1.46731724639016,0.392664053190074,1,0.136350727014802,0.100120682074032,0.0496913876004696,0.130490803113162,0.211290218625855,0.161598831025386,1,-0.0195091968868375,0.0412041414363847,0.342177762647257,0.633110592190982,0.924043421734707,0.58186565908745,1,-0.0668894078090178,0.148362922936294,0.702620241246846,1.04169810704698,1.54441173556233,0.841791494315479,0,0.541698,0.209295296228514,0.446525232856145,0.483661983067588,0.51913528834143,0.0726100554852845,0,-0.416338016932412,6.09163055025614,6.54820337971949,7.03899672647856,0.947366176222416,0,5.23241352631579,0.24146920522712,4.76638898444331,6.35865260584457
"54",-1.87640223743754,-1.67586634595804,-1.47533045447855,0.401071782958993,1,0.124133654041956,0.102264467919259,-0.000664487939650293,0.0813112006598737,0.163286889259398,0.163951377199048,1,-0.0686887993401263,0.0418039888774839,0.461635381176306,0.707935907903134,0.954236434629962,0.492601053453656,1,0.00793590790313392,0.125602415249081,0.478110129918214,0.728277360766756,1.10934255732276,0.63123242740455,1,0.2282774,0.156374747194823,0.451640658505711,0.487703006114917,0.522174390640843,0.070533732135132,0,-0.412296993885083,6.32632308338168,6.79757002855371,7.30392009451282,0.977597011131148,0,5.48178052631579,0.249177150823853,4.9307392749799,6.65690836330899
"55",-2.02161084497912,-1.8202827516683,-1.61895465835747,0.402656186621656,1,-0.020282751668296,0.102668455944385,-0.0198129011865231,0.0599464730216036,0.13970584722973,0.159518748416253,0,-0.0900535269783964,0.0406737662011047,0.402421967905253,0.684913698040256,0.967405428175259,0.564983460270006,1,-0.0150863019597438,0.144058334199994,0.71817779982042,0.980303232981949,1.33810099509503,0.619923195274606,0,0.4803032,0.155623384423445,0.469860535954404,0.506124347722866,0.54068272301119,0.0708221870567858,0,-0.393875652277134,6.20492718464915,6.68009741909777,7.19165595351944,0.986728768870291,0,5.36430792631579,0.251492864579024,4.71891125604454,6.51031719687489
"56",-2.00513238373624,-1.79094168193468,-1.57675098013312,0.428381403603115,1,0.00905831806532187,0.109227819476039,0.124914860383106,0.205427400185466,0.285939939987826,0.16102507960472,1,0.0554274001854659,0.0410578474654664,0.247410097223641,0.504204685001063,0.760999272778485,0.513589175554844,1,-0.195795314998937,0.13095392395774,0.538391622900648,0.799102267304377,1.18605937843285,0.647667755532203,0,0.2991023,0.161006863188603,0.49903448649582,0.534811167208001,0.568767847443375,0.0697333609475551,0,-0.365188832791999,6.71589126091819,7.24796499511133,7.82219284520948,1.10630158429129,0,5.93217552631579,0.281951725917403,4.92488041863832,7.01551872898039
"57",-2.08477558441496,-1.86961161214444,-1.65444763987391,0.430327944541049,1,-0.0696116121444359,0.109724144527461,-0.0149708326371947,0.0654867801272708,0.145944392891736,0.160915225528931,0,-0.0845132198727292,0.0410298370965334,0.537161945981363,0.791027143981061,1.04489234198076,0.507730395999396,1,0.091027143981061,0.129460064256432,0.503145406065179,0.7797392336801,1.20838482317628,0.705239417111102,0,0.2797392,0.174283013799582,0.501977280842219,0.537528932017668,0.571267132841131,0.0692898519989119,0,-0.362471067982332,6.74778073831142,7.28310180781528,7.86089145455488,1.11311071624347,0,5.96731232631579,0.283686385640134,4.92874164605514,7.08866098090822
"58",-2.09462642920384,-1.85788324514194,-1.62114006108005,0.473486368123794,1,-0.0578832451419422,0.120728591640048,0.186327165482612,0.269999353153815,0.353671540825017,0.167344375342405,0,0.119999353153815,0.0426691286467828,0.329865557727871,0.567041444586183,0.804217331444494,0.474351773716623,1,-0.132958555413817,0.120949250998909,0.430706644906589,0.668531295136924,1.03767633460678,0.606969689700191,1,0.1685313,0.149963871923667,0.530225874242672,0.565571081710415,0.598953925320356,0.0687280510776832,0,-0.334428918289585,7.77565865495078,8.41966275583315,9.11700526833537,1.34134661338459,0,7.10387332631579,0.341825712475735,5.47645980028977,8.08569062858098
"59",-2.11330530969729,-1.92381222942712,-1.73431914915695,0.378986160540337,1,-0.123812229427123,0.0966331208106531,0.0383206798273163,0.112625785052823,0.18693089027833,0.148610210451013,1,-0.037374214947177,0.0378923293656284,0.710197051741986,0.996805208539372,1.28341336533676,0.573216313594772,0,0.296805208539372,0.14615753040498,0.612636829489978,1.01831959317069,1.69264194367583,1.08000511418585,0,0.51832,0.264007726987109,0.476127349308212,0.511941963170456,0.546061060824617,0.0699337115164051,0,-0.388058036829544,5.44985470580474,5.86854609885595,6.31940394258857,0.869549236783831,0,4.55275652631579,0.221625437186141,4.0804906236163,5.71149109813804
"60",-2.08168211648411,-1.87526561780848,-1.66884911913285,0.412832997351262,1,-0.0752656178084772,0.105263318456777,0.121870934209589,0.202146240320226,0.282421546430863,0.160550612221275,1,0.0521462403202261,0.040936868736534,0.348672992197923,0.641656353160134,0.934639714122344,0.585966721924421,1,-0.0583436468398661,0.149408603601815,0.713676934178623,1.05806802336832,1.56864806533644,0.854971131157819,0,0.558068,0.212572750671604,0.480552742959399,0.51653322287591,0.550777636225025,0.0702248932656266,0,-0.38346677712409,6.42116095931991,6.9179529276136,7.4531806649722,1.03201970565229,0,5.60216352631579,0.263031650978338,4.82219768633422,6.73766320391217
"61",-2.08663893915491,-1.88258364004436,-1.67852834093382,0.408110598221096,1,-0.0825836400443631,0.104059210726271,0.100574902398958,0.180514257995416,0.260453613591874,0.159878711192916,1,0.0305142579954162,0.0407655487781649,0.649812158788928,0.926013999962622,1.20221584113632,0.552403682347388,1,0.226013999962622,0.140850767997485,0.501476823527199,0.934368498568648,1.74094683972983,1.23947001620263,0,0.4343685,0.296673888533553,0.476458307039056,0.512450831568931,0.546728581174314,0.0702702741352581,0,-0.387549168431069,6.3148430356236,6.80112407477004,7.324851689817,1.0100086541934,0,5.48533462631579,0.257423820164501,4.76510909228396,6.61249630888172
"62",-2.0265783627639,-1.81956172080576,-1.61254507884761,0.414033283916282,1,-0.0195617208057559,0.10556936508518,0.0440403867610614,0.121168486068073,0.198296585375085,0.154256198614024,1,-0.0288315139319266,0.0393319319502554,0.424410927848451,0.677953749392492,0.931496570936533,0.507085643088082,1,-0.0220462506075081,0.12929566646976,0.503340754354742,0.78231851946304,1.21592034938523,0.712579595030488,0,0.2823185,0.176022740671817,0.504099291173198,0.539439063596421,0.572975394433055,0.068876103259857,0,-0.360560936403579,6.22658654249716,6.72130697000286,7.25533437569331,1.02874783319615,0,5.40551752631579,0.26218499590583,4.51544360778112,6.53553895507565
"63",-1.98973433311576,-1.76900760141557,-1.54828086971538,0.441453463400378,1,0.0309923985844305,0.112560906710232,0.00316191213096027,0.0883785779091463,0.173595243687332,0.170433331556372,1,-0.0616214220908537,0.043456744422983,0.204514924092651,0.51492102366576,0.825327123238868,0.620812199146217,1,-0.18507897633424,0.158293432549864,0.792767941176024,1.18739827350903,1.77847083200752,0.985702890831498,0,0.687398,0.244747469108008,0.48450270198029,0.520544967986491,0.554822950234617,0.0703202482543272,0,-0.379455032013509,7.29533872918369,7.86397588944167,8.47693562772236,1.18159689853867,0,6.54818652631579,0.301150483848491,5.48309751430374,7.63761653940789
"64",-2.05351636459616,-1.86158992715503,-1.66966348971389,0.383852874882261,1,-0.0615899271550251,0.097874025740489,0.0610625234972156,0.138423740902575,0.215784958307934,0.154722434810719,1,-0.0115762590974251,0.0394508119079226,0.62850828218423,0.896888353978148,1.16526842577206,0.536760143587835,1,0.196888353978148,0.136862010284795,0.633654696033924,0.882614149258875,1.22938840562189,0.595733709587965,0,0.3826141,0.1492293629164,0.459635785831292,0.496102826336119,0.530899776252577,0.0712639904212845,0,-0.403897173663882,5.72229824924155,6.15549649192083,6.62148937571922,0.899191126477673,0,4.83970702631579,0.229186236721635,4.39051792439749,5.95886388392634
"65",-1.97653972107441,-1.77300727005991,-1.56947481904541,0.407064902029007,1,0.0269927299400887,0.103792581236905,-0.00227989138237875,0.0792367612476431,0.160753413877665,0.163033305260044,1,-0.0707632387523569,0.0415699007607353,0.512987981195504,0.83193136284349,1.15087474449148,0.637886763295972,1,0.13193136284349,0.162647070207556,0.856536469797442,1.26276950297148,1.86166832804205,1.0051318582446,0,0.76277,0.250088176883293,0.463034140153403,0.499862855121589,0.534968497057306,0.0719343569039023,0,-0.400137144878411,6.39740306716308,6.88601506450873,7.41194559274005,1.01454252557697,0,5.57022552631579,0.258583102989358,4.9154555021728,6.64925450859155
"66",-1.96680836577622,-1.77418166021199,-1.58155495464776,0.385253411128466,1,0.0258183397880107,0.098231131625533,0.0739298442118109,0.14747053364811,0.221011223084409,0.147081378872598,1,-0.00252946635189027,0.0375025109975762,0.474878142693287,0.758307799501006,1.04173745630872,0.566859313615438,1,0.0583077995010056,0.144536635472773,0.694996238891074,0.995794462308035,1.42677982365133,0.73178358476026,0,0.4957945,0.182718654983866,0.490847994669114,0.52661879208893,0.560617150497189,0.069769155828075,0,-0.37338120791107,5.50379966981121,5.93465718782457,6.39924380427276,0.895444134461554,0,4.61886772631579,0.22821768875304,4.03881443262089,5.7759710388063
"67",-1.89736545787315,-1.68788295149325,-1.47840044511336,0.418965012759792,1,0.112117048506748,0.106826847280469,0.0339770991014202,0.113320979982985,0.19266486086455,0.15868776176313,1,-0.0366790200170148,0.0404618829135229,0.391432122518032,0.68467740539314,0.977922688268249,0.586490565750218,1,-0.0153225946068595,0.149542172235646,0.791524148911488,1.06141701650189,1.42333760058881,0.631813451677323,0,0.561417,0.158890393248428,0.495384773499276,0.530843121140295,0.564535443736837,0.0691506702375606,0,-0.369156878859705,6.46595951845254,6.97406932392118,7.52210755357444,1.0561480351219,0,5.65827952631579,0.269173670376058,4.75881527625209,6.75725526099663
"68",-2.10016294959995,-1.89845755901174,-1.69675216842353,0.403410781176423,1,-0.0984575590117414,0.102860860930019,0.0304814874638831,0.110663924219764,0.190846360975645,0.160364873511762,1,-0.039336075780236,0.0408895094579525,0.405158802233172,0.663958330478569,0.922757858723967,0.517599056490795,1,-0.0360416695214305,0.131976355247494,0.54084729809739,0.81297596699685,1.22202685534254,0.681179557245149,0,0.312976,0.169054228163662,0.467860970971022,0.504145987603782,0.538734325903276,0.0708733549322546,0,-0.395854012396218,6.2478118161757,6.72465675389927,7.23789540854689,0.990083592371183,0,5.40886752631579,0.252349408807545,4.76549681387537,6.54455539167904
"69",-1.97859796851836,-1.78028258945164,-1.58196721038492,0.396630758133441,1,0.0197174105483588,0.101132104436965,0.0444476233613336,0.121372128610558,0.198296633859783,0.153849010498449,1,-0.0286278713894418,0.039228107952279,0.569284857192949,0.870098929955945,1.17091300271894,0.601628145525992,1,0.170098929955945,0.153401921555166,0.763032182080003,1.12325716802608,1.65354318618985,0.890511004109845,0,0.623257,0.221611089530651,0.481895954990938,0.517983096472033,0.5523160350016,0.0704200800106617,0,-0.382016903527967,5.91230795991086,6.3715885427863,6.86654701240863,0.954239052497774,0,5.05579952631579,0.243205872185857,4.41205033096029,6.16441580193933
"70",-2.05945525475936,-1.85676407222112,-1.65407288968288,0.405382365076479,1,-0.0567640722211209,0.103363571385015,0.0410099017760536,0.120659472325808,0.200309042875562,0.159299141099509,1,-0.029340527674192,0.0406177711738994,0.539773491103301,0.812464188636719,1.08515488617014,0.545381395066836,1,0.112464188636719,0.139060239461612,0.547244696957794,0.909727086771601,1.51230953357191,0.965064836614116,0,0.4097271,0.235906131646101,0.474626641190169,0.510721684509113,0.545101864266361,0.0704752230761917,0,-0.389278315490887,6.24692902710726,6.72722170249941,7.2444414908833,0.997512463776044,0,5.41143222631579,0.254239588140865,4.72251580177694,6.56922656585732
"71",-2.10685107587387,-1.89544622330222,-1.68404137073057,0.422809705143295,1,-0.0954462233022204,0.107807159128915,0.0941217144905607,0.176365436316112,0.258609158141663,0.164487443651102,1,0.0263654363161117,0.0419406740117115,0.475915155646914,0.7758099502054,1.07570474476389,0.599789589116972,1,0.0758099502053999,0.152933130179416,0.738966229908319,1.10846549531621,1.66272246900789,0.923756239099573,0,0.608465,0.22932065895559,0.480257454193825,0.516341551310579,0.550680875769787,0.0704234215759626,0,-0.383658448689421,6.73643677144499,7.25839258621797,7.82079083099047,1.08435405954548,0,5.94260352631579,0.276369417656592,5.0732430213691,7.03264180278545
"72",-1.81728730653492,-1.61515876435273,-1.41303022217053,0.404257084364395,1,0.184841235647273,0.10307664959652,0.0890959686822247,0.169103344692706,0.249110720703188,0.160014752020963,1,0.0191033446927064,0.0408002361919564,0.250577419012438,0.541237423337643,0.831897427662848,0.58132000865041,1,-0.158762576662357,0.148223794097057,0.72664213121701,1.04081217855772,1.49081637919856,0.764174247981547,0,0.540812,0.190813333388515,0.470454357966204,0.506622151413038,0.541090628328635,0.0706362703624303,0,-0.393377848586962,6.25046619526675,6.728392138641,7.24286146937461,0.992395274107863,0,5.41260252631579,0.252937792951218,4.75144250997993,6.55119828230185
"73",-1.94093938476622,-1.72772146480628,-1.51450354484634,0.426435839919877,1,0.0722785351937234,0.108731743603033,0.0909519739379697,0.172166231204981,0.253380488471992,0.162428514534022,1,0.022166231204981,0.0414156924508343,0.236698634591924,0.530984938838353,0.825271243084781,0.588572608492857,1,-0.169015061161647,0.150073047261782,0.764841109200825,1.06666757801175,1.48760272989288,0.722761620692056,0,0.566668,0.181024728730553,0.492045463038314,0.527842599865004,0.561857807528568,0.0698123444902543,0,-0.372157400134996,6.73006872067257,7.25831497653307,7.82802352920096,1.09795480852839,0,5.94252552631579,0.279829294407311,4.98601916872413,7.05519980709337
"74",-1.92797750603758,-1.7273243489771,-1.52667119191661,0.401306314120971,1,0.0726756510229041,0.102324268198185,0.0606139933015263,0.137039006905803,0.213464020510079,0.152850027208553,1,-0.0129609930941971,0.0389733892237568,0.319985637370252,0.621174914726823,0.922364192083395,0.602378554713143,1,-0.0788250852731767,0.153593259364273,0.776987225823238,1.12689318784183,1.63437469059912,0.857387464775885,0,0.626893,0.21376626544753,0.491909080508031,0.527884249556023,0.562059927364695,0.0701508468566637,0,-0.372115750443977,5.95846905500716,6.42706346857603,6.93250975171085,0.974040696703697,0,5.11127352631579,0.248247145188467,4.38608617827503,6.21928658757047
"75",-2.15004637284389,-1.93962334839556,-1.72920032394724,0.420846048896654,1,-0.139623348395563,0.107306470050871,0.0737861458698413,0.15332205934824,0.232857972826639,0.159071826956798,1,0.00332205934824015,0.0405598110758756,0.468583009767556,0.734686562523733,1.00079011527991,0.532207105512353,1,0.0346865625237326,0.135701085891735,0.595436933433933,0.863777301896016,1.25304828333015,0.657611349896222,0,0.3637773,0.163953014943656,0.49556791722542,0.531909368831093,0.566391716333993,0.0708237991085724,0,-0.368090631168907,6.50819035000952,7.02620641991961,7.58545371298911,1.07726336297959,0,5.71041692631579,0.274548666710002,4.78829885020323,6.74805348385219
"76",-2.02917867834228,-1.82953010279357,-1.62988152724487,0.399297151097408,1,-0.0295301027935719,0.101811975894668,0.0661965393616056,0.143642665028958,0.22108879069631,0.154892251334704,1,-0.00635733497104235,0.039494111380005,0.430558176633582,0.70916173681571,0.987765296997838,0.557207120364256,1,0.00916173681571031,0.142075538858587,0.574702157563158,0.955222482127603,1.58769195200341,1.01298979444025,0,0.4552225,0.24762763413632,0.48248825263366,0.517933742187252,0.551685658191019,0.0691974055573589,0,-0.382066257812748,5.99610691424,6.45862687377142,6.95682410124097,0.960717187000972,0,5.14283742631579,0.244860026752049,4.47606560746385,6.33180856420851
"77",-2.04921779793407,-1.86548527988392,-1.68175276183376,0.367465036100314,1,-0.0654852798839174,0.0936954879211039,0.0621807661377722,0.137535606314988,0.212890446492203,0.150709680354431,1,-0.0124643936850123,0.0384276479337947,0.422367024365667,0.706503470074278,0.99063991578289,0.568272891417223,1,0.00650347007427821,0.144897066667148,0.643006310321888,0.99853523364542,1.55064203387395,0.907635723552057,0,0.4985352,0.224233817262093,0.449238658486043,0.485759107525705,0.520658886098941,0.0714202276128984,0,-0.414240892474295,5.32114700201195,5.71874402623168,6.14604956886081,0.824902566848855,0,4.40295452631579,0.210256182008669,4.11933823984699,5.56323370550794
"78",-2.1041054785623,-1.88816330933656,-1.67222114011083,0.431884338451468,1,-0.0881633093365639,0.110120990682898,0.0580286685210797,0.142786122621746,0.227543576722412,0.169514908201332,1,-0.0072138773782541,0.043222566702888,0.574374759376651,0.892153786141415,1.20993281290618,0.635558053529527,1,0.192153786141415,0.162053300525114,0.830809043224936,1.24830101029267,1.87558792842342,1.04477888519848,0,0.748301,0.259306650961873,0.47571642242107,0.511399742495184,0.545402565735237,0.0696861433141669,0,-0.388600257504816,7.08510040327157,7.6272834588861,8.21095674739272,1.12585634412115,0,6.31149352631579,0.286953418436639,5.38252199094353,7.44062998551617
"79",-2.06392244015611,-1.86446518018228,-1.66500792020844,0.398914519947665,1,-0.0644651801822755,0.10171441338192,0.0630873977890105,0.140561383175065,0.21803536856112,0.154947970772109,1,-0.00943861682493491,0.0395083186088879,0.556611086008597,0.862071480965845,1.16753187592309,0.610920789914496,1,0.162071480965845,0.155771341131238,0.796541318034024,1.15911715669357,1.68673307024107,0.890191752207047,0,0.659117,0.221853730632201,0.481711969395446,0.517225421712965,0.551042787437914,0.0693308180424678,0,-0.382774578287035,5.99026552279284,6.45226650426555,6.94989944663708,0.95963392384424,0,5.13647752631579,0.24458399735928,4.47614274452903,6.30757649631992
"80",-2.04204512276196,-1.85441942739112,-1.66679373202029,0.375251390741667,1,-0.0544194273911243,0.0956808367994368,0.0215003454916113,0.0978726990101978,0.174245052528784,0.152744707037173,1,-0.0521273009898022,0.0389465349005534,0.755741992492523,1.03798668506234,1.32023137763215,0.56448938513963,0,0.337986685062338,0.143932355927608,0.63319958465442,0.983222456231998,1.52673252141581,0.893532936761387,0,0.4832225,0.220752409611181,0.454111531335831,0.490305230679614,0.524883289623609,0.0707717582877775,0,-0.409694769320387,5.51481320322316,5.92818532799968,6.37254245757064,0.857729254347481,0,4.61239582631579,0.21862209082128,4.25305418241863,5.77038797939456
"81",-1.99034357790662,-1.77383088368423,-1.55731818946184,0.433025388444777,1,0.0261691163157678,0.110411933290663,0.0163758116874572,0.0976414171176365,0.178907022547816,0.162531210860359,1,-0.0523585828823635,0.0414418777513622,0.307587123616361,0.572469917039066,0.837352710461772,0.529765586845411,1,-0.127530082960933,0.135078552425163,0.559067392645899,0.852860647341549,1.30104401249627,0.741976619850367,0,0.3528606,0.183771410626413,0.500486416909719,0.535588383898353,0.568932300503403,0.068445883593684,0,-0.364411616101647,6.85687854495702,7.39676147107377,7.97915259855376,1.12227405359674,0,6.08097202631579,0.286025756051974,5.02496409409391,7.21010142407588
"82",-1.8405080644088,-1.63919541117339,-1.43788275793798,0.402625306470816,1,0.160804588826608,0.102660582186297,0.0695054156701484,0.148164361632623,0.226823307595097,0.157317891924949,1,-0.00183563836737713,0.040112596286858,0.409354710349536,0.647038869661752,0.884723028973968,0.475368318624433,1,-0.0529611303382479,0.121208447553068,0.454270936751576,0.678885392207963,1.0145605594958,0.560289622744223,1,0.1788854,0.139159697555437,0.476834211653494,0.513874858673704,0.549093696489788,0.0722594848362937,0,-0.386125141326296,6.12874535176908,6.60735079885314,7.12333146073746,0.994586108968381,0,5.29156132631579,0.25348667420133,4.61256504908617,6.34688261253259
"83",-2.03705890940104,-1.83728016089897,-1.6375014123969,0.399557497004134,1,-0.0372801608989701,0.101878358364733,-0.00183978131316963,0.0733052834797343,0.148450348272638,0.150290129585808,0,-0.0766947165202657,0.0383206717316749,0.492735054902375,0.753512327673878,1.01428960044538,0.521554545543006,1,0.0535123276738776,0.132984917805299,0.52449893172408,0.833392597718879,1.32420331086202,0.799704379137944,0,0.3333926,0.196897486022781,0.498338631376069,0.534487818069391,0.568781808484638,0.0704431771085686,0,-0.365512181930609,5.84243092960558,6.30782694956411,6.81029545835527,0.967864528749685,0,4.99203742631579,0.246667181263642,4.25582439861995,6.05639772771638
"84",-2.02042024282155,-1.79910430805192,-1.57778837328229,0.442631869539258,1,0.000895691948077815,0.112861374312057,0.0464663735619298,0.130400607758514,0.214334841955097,0.167868468393168,1,-0.0195993922414864,0.0428027608274887,0.319948636539804,0.611032705179699,0.902116773819593,0.582168137279788,1,-0.0889672948203014,0.148440048210898,0.785995403566205,1.0382678238267,1.37150938682688,0.585513983260676,0,0.538268,0.147456925849967,0.494688578093773,0.530142191504328,0.563834188364055,0.0691456102702819,0,-0.369857808495672,7.22666751646108,7.79320854929347,8.40416407070607,1.17749655424499,0,6.47741952631579,0.300102294308255,5.35292181853567,7.58904857641881
"85",-1.97801379775811,-1.77528566612947,-1.57255753450082,0.405456263257284,1,0.0247143338705342,0.103382413792936,0.136823776310825,0.215606506981441,0.294389237652057,0.157565461341232,1,0.0656065069814408,0.0401757210333621,0.166420814436312,0.482436939819258,0.798453065202204,0.632032250765892,1,-0.217563060180742,0.161154298503702,0.791891152474499,1.24256795481593,1.94973149720242,1.15784034472792,0,0.742568,0.285612979325731,0.481159815337799,0.516960216101674,0.551039130205691,0.0698793148678926,0,-0.383039783898326,6.18951350940152,6.66808660248387,7.18366296005131,0.99414945064979,0,5.35229752631579,0.253379910096076,4.6360549854031,6.49462448409565
"86",-2.14734136537608,-1.94519127458404,-1.743041183792,0.404300181584078,1,-0.145191274584043,0.103087638437987,0.0950055589592034,0.174891132697148,0.254776706435093,0.15977114747589,1,0.0248911326971483,0.0407381224002534,0.375419618736406,0.600913182837019,0.826406746937632,0.450987128201225,1,-0.099086817162981,0.114991781181097,0.392986105360009,0.603744295445952,0.927531964392505,0.534545859032496,1,0.1037443,0.132264477712652,0.471312007264122,0.507480303709806,0.541944593359431,0.0706325860953093,0,-0.392519696290194,6.24594482094751,6.72444481419539,7.2396025510036,0.993657730056089,0,5.40865532631579,0.253258711428748,4.74265644468671,6.51722174924262
"87",-1.8719666102465,-1.66764171643585,-1.4633168226252,0.408649787621299,1,0.132358283564149,0.104196692143469,0.119009663581674,0.196673006898224,0.274336350214774,0.1553266866331,1,0.046673006898224,0.0396048828092688,0.308507984520748,0.599604126810425,0.890700269100102,0.582192284579355,1,-0.100395873189575,0.148446205240255,0.767306965044767,1.0474587139657,1.42989677853199,0.662589813487221,0,0.547459,0.166332713427947,0.492925666913992,0.528974103030215,0.563209602656289,0.0702839357422969,0,-0.371025896969785,6.16723060730271,6.65375606347517,7.17866293175561,1.0114323244529,0,5.33796652631579,0.257775414426128,4.54194456896258,6.44714080606572
"88",-2.11049568313847,-1.91370970814544,-1.71692373315241,0.393571949986058,1,-0.113709708145441,0.100352175753497,0.0911617185638071,0.169026784281522,0.246891849999237,0.15573013143543,1,0.0190267842815221,0.0397077523448435,0.701725997305038,0.995357398480471,1.2889887996559,0.587262802350865,0,0.295357398480471,0.149739075554274,0.641612813042372,1.06642423848521,1.77250303190821,1.13089021886584,0,0.566424,0.276449159342014,0.470271698809908,0.506831495340188,0.541654668350507,0.0713829695405994,0,-0.393168504659812,5.92013625615084,6.3752461012574,6.86534246730724,0.9452062111564,0,5.05945652631579,0.240908159093996,4.48758450820808,6.17105980264969
"89",-1.96037278440699,-1.76512521018567,-1.56987763596435,0.390495148442643,1,0.0348747898143336,0.0995676591504865,0.106778741365359,0.184606277200525,0.262433813035692,0.155655071670334,1,0.0346062772005254,0.0396886137585209,0.304446172223826,0.515465522823327,0.726484873422828,0.422038701199003,1,-0.184534477176673,0.107610570110498,0.342697577173868,0.524526722610998,0.802831128839431,0.460133551665563,1,0.0245267,0.113912174255198,0.466465791282589,0.502520572012936,0.536908280637311,0.0704424893547222,0,-0.397479427987064,5.87076227395918,6.3173269078717,6.79785986871615,0.927097594756964,0,5.00153742631579,0.236297110325662,4.47203176185197,6.13838873062578
"90",-2.10747290834891,-1.90006244598061,-1.69265198361231,0.414820924736601,1,-0.100062445980612,0.105770196140427,0.0627184353514921,0.142440012151006,0.222161588950521,0.159443153599028,1,-0.00755998784899364,0.040654491188278,0.644508194829634,0.873444674605272,1.10238115438091,0.457872959551276,1,0.173444674605272,0.1167475164612,0.4033090407269,0.624334801723656,0.966489478988063,0.563180438261162,1,0.1243348,0.139198526546066,0.487316768415462,0.52288915554889,0.556728964044974,0.0694121956295118,0,-0.37711084445111,6.42244436921539,6.92216772671004,7.46077401096427,1.03832964174888,0,5.60637822631579,0.264637172753116,4.77955658507518,6.71826273007192
"91",-2.12293156190584,-1.90837384503051,-1.69381612815519,0.429115433750651,1,-0.108373845030514,0.109414980990919,0.0734670386870737,0.156782291031254,0.240097543375433,0.16663050468836,1,0.00678229103125361,0.0424871073585722,0.640379605758665,0.910172066797416,1.17996452783617,0.539584922077502,1,0.210172066797416,0.137582266561875,0.5864213210717,0.883935844068667,1.33239114669546,0.745969825623757,0,0.3839358,0.18506437859826,0.481084532043121,0.517339662510132,0.551828242179114,0.0707437101359931,0,-0.382660337489868,6.92750965366009,7.46684234253443,8.0481641102886,1.12065445662851,0,6.15105282631579,0.285618850564224,5.21841418960515,7.21985074080834
"92",-2.05015846990461,-1.85036217062791,-1.65056587135121,0.3995925985534,1,-0.0503621706279136,0.10188730848641,0.128214309960527,0.205826622089277,0.283438934218026,0.155224624257499,1,0.0558266220892769,0.0395788591522108,0.510206688308802,0.779012162229379,1.04781763614996,0.537610947841155,1,0.079012162229379,0.13707894662379,0.414514806976255,0.885261645623192,1.89061564996489,1.47610084298863,1,0.3852616,0.342717525310166,0.481467132585793,0.51715036474288,0.551122054612914,0.069654922027121,0,-0.38284963525712,6.01150066136442,6.4759221965224,6.97622285312916,0.964722191764738,0,5.16013272631579,0.245880118910177,4.49397242677716,6.31472566190078
"93",-1.96108338251089,-1.75073390667328,-1.54038443083568,0.420698951675206,1,0.0492660933267159,0.107268963500366,0.101160292748995,0.1846176366333,0.268074980517605,0.166914687768609,1,0.0346176366333,0.0425595677826862,0.368985059600856,0.647675087769021,0.926365115937186,0.55738005633633,1,-0.0523249122309792,0.142119633721202,0.638901031565285,0.947146205032315,1.40410781856039,0.765206786995107,0,0.4471462,0.19025612920555,0.468674315669671,0.505261076772006,0.540117371702172,0.0714430560325009,0,-0.394738923227994,6.78122934923972,7.30160549144324,7.86191411718753,1.08068476794781,0,5.98581602631579,0.275438938776942,5.18758771728683,7.04432292955483
"94",-2.27435959412888,-2.06428471104443,-1.85420982795998,0.420149766168907,0,-0.26428471104443,0.107128933296356,0.0592267003869007,0.136377575297386,0.213528450207871,0.154301749820971,1,-0.0136224247026139,0.039343546504406,0.604896398509359,0.839753642804282,1.07461088709921,0.469714488589847,1,0.139753642804282,0.119766845463967,0.435065598325012,0.663665710979745,1.01238106994894,0.577315471623925,1,0.1636657,0.142989321906976,0.511274227086677,0.546755887948215,0.580376819500935,0.069102592414258,0,-0.353244112051785,6.33138483345438,6.84151444145503,7.39274599220663,1.06136115875226,0,5.52572492631579,0.270489589244646,4.54629839535236,6.60518054662043
"95",-2.24632616000276,-2.02177283244662,-1.79721950489049,0.449106655112264,1,-0.221772832446625,0.114512301975504,0.0755211853925351,0.163752117552256,0.251983049711977,0.176461864319442,1,0.013752117552256,0.0449938874520955,0.655526404935325,0.900967620814826,1.14640883669433,0.490882431759002,1,0.200967620814826,0.125164204582996,0.464384456193651,0.713287301074894,1.09559819905458,0.631213742860933,1,0.2132873,0.156187862999998,0.4737289903525,0.51072015411372,0.545912379181395,0.0721833888288949,0,-0.38927984588628,7.663468481082,8.25966484028575,8.90224360448084,1.23877512339885,0,6.94387532631579,0.31572443091082,5.85525450566122,7.92629665463317
"96",-2.04070108579336,-1.85415854537606,-1.66761600495876,0.373085080834607,1,-0.05415854537606,0.0951284755030143,0.138830963431855,0.213458862238962,0.288086761046069,0.149255797614214,1,0.0634588622389622,0.0380569398681503,0.458201104335414,0.7224850966816,0.986769089027787,0.528567984692373,1,0.0224850966816001,0.13477319026267,0.581426646052088,0.857987626723501,1.26609740473552,0.684670758683431,0,0.3579876,0.17033331140421,0.464576763585888,0.500498328793219,0.534775447582726,0.0701986839968385,0,-0.399501671206781,5.37281879999579,5.78000845835875,6.21805778723171,0.845238987235917,0,4.46421902631579,0.215434484836295,4.08212459498072,5.65302398254572
"97",-2.02665442828505,-1.82595579399763,-1.6252571597102,0.401397268574852,1,-0.0259557939976274,0.102347459579943,0.0961154177132064,0.171984547792789,0.247853677872372,0.151738260159166,1,0.0219845477927895,0.0386899131215067,0.440080685833324,0.745077891777347,1.05007509772137,0.609994411888046,1,0.0450778917773473,0.155535135145198,0.770256683272425,1.15766951672418,1.73993778834684,0.969681105074419,0,0.65767,0.240658169391652,0.496631703873553,0.531891043674879,0.565397778154992,0.0687660742814383,0,-0.368108956325121,5.92562471800742,6.39060356290518,6.89206891116611,0.966444193158689,0,5.07481452631579,0.24631207862565,4.33265047735575,6.23080212185709
"98",-2.05113268287851,-1.83256074112285,-1.61398879936719,0.437143883511326,1,-0.0325607411228495,0.111462058790646,0.132860994240425,0.218122999790929,0.303385005341432,0.170524011101007,1,0.0681229997909286,0.0434798657089403,0.337378780658805,0.598556920307339,0.859735059955873,0.522356279297068,1,-0.101443079692661,0.133189342248144,0.572723506883229,0.821532534446652,1.17843199561904,0.605708488735814,0,0.3215325,0.151218615687619,0.479002920278982,0.514796895757161,0.548881800796107,0.0698788805171251,0,-0.385203104242839,7.22145340457781,7.77829310744021,8.37807021324803,1.15661680867022,0,6.46250362631579,0.294789565878182,5.46692219014811,7.56431833697697
"99",-1.98564344077567,-1.78154219089567,-1.57744094101566,0.408202499760006,1,0.0184578091043324,0.104082643593844,0.101046655327266,0.180371096438945,0.259695537550625,0.158648882223359,1,0.0303710964389454,0.0404519694875064,0.28530763559783,0.547400522100322,0.809493408602813,0.524185773004983,1,-0.152599477899678,0.133655822834789,0.541069680151841,0.836521418016557,1.29330492627873,0.752235246126886,0,0.3365214,0.185960444608151,0.481302108618805,0.51686073183152,0.550721028549265,0.0694189199304608,0,-0.38313926816848,6.27708681456273,6.76130655008821,7.2828794016688,1.00579258710607,0,5.44551712631579,0.256348465239649,4.70505723942231,6.59123743222918
"100",-1.97210656812741,-1.76502357287628,-1.55794057762515,0.414165990502259,1,0.0349764271237201,0.105603202340706,0.0482307525361506,0.126076660031806,0.203922567527461,0.155691814991311,1,-0.0239233399681942,0.0396979824958117,0.322945242246918,0.534719388466492,0.746493534686066,0.423548292439148,1,-0.165280611533508,0.10799548261621,0.344668649860464,0.528691286283737,0.810965767572744,0.46629711771228,1,0.0286913,0.115402794077148,0.498658850125125,0.534717101250773,0.568927886811499,0.0702690366863742,0,-0.365282898749227,6.2784442001279,6.77787203725896,7.31702757707411,1.03858337694621,0,5.46208252631579,0.26469108205335,4.58992671747237,6.54873738981321
